filename	sentence nr	sentence	paragraph nr	sentence nr in paragraph	words	matches	sentence density	vocabulary words matched	density (range=3,same_paragraph=True)	density (range=3,same_paragraph=False)	paragraph density	paragraph density median	paragraph density std
Voltaire_Micromegas	0	CHAPITRE 1 voyage d' un habitant du monde de l' étoile	0	0	11	0	0.0	[]	0.0	0.0	0.0	0.0	0.0
Voltaire_Micromegas	1	Sirius	0	1	1	0	0.0	[]	0.0	0.0	0.0	0.0	0.0
Voltaire_Micromegas	2	dans le globe de Saturne	0	2	5	0	0.0	[]	0.0	0.0	0.0	0.0	0.0
Voltaire_Micromegas	3	.	0	3	0	0	0.0	[]	0.0	0.0	0.0	0.0	0.0
Voltaire_Micromegas	4	dans ces planétes qui tournent autour de l' étoile nommée	1	0	10	0	0.0	[]	0.0	0.0	0.0341130604288499	0.01800064288010285	0.037163710489538565
Voltaire_Micromegas	5	Sirius	1	1	1	0	0.0	[]	0.025	0.025	0.0341130604288499	0.01800064288010285	0.037163710489538565
Voltaire_Micromegas	6	, il y avait un jeune homme de beaucoup d' esprit que j' ai eu l' honneur de connaitre dans le dernier voyage qu' il fit sur notre petite fourmiliére.	1	2	29	1	0.0344827586206896	[['petit']]	0.047619047619047616	0.047619047619047616	0.0341130604288499	0.01800064288010285	0.037163710489538565
Voltaire_Micromegas	7	Il s' appelait Micromégas, nom qui convient fort à tous les grands.	1	3	12	1	0.0833333333333333	[['fort']]	0.05	0.05	0.0341130604288499	0.01800064288010285	0.037163710489538565
Voltaire_Micromegas	8	Il avait huit lieues de haut: j' entends par huit lieues vingt-quatre mille pas géometriques de cinq pieds chacun.	1	4	19	1	0.0526315789473684	[['haut']]	0.052083333333333336	0.052083333333333336	0.0341130604288499	0.01800064288010285	0.037163710489538565
Voltaire_Micromegas	9	Quelques géometres, gens toujours utiles au public, prendront sur le champ la plume, et trouveront que puisque Monsieur Micromégas, habitant du pays de Sirius, a de la tête aux pieds vingt-quatre mille pas, qui font cent vingt-mille pieds de roi, et que nous autres citoyens de la terre, nous n' avons guères que cinq pieds, et que notre globe a neuf mille lieues de tour;	1	5	65	3	0.0461538461538461	[['tête'], ['pied'], ['pied']]	0.04132231404958678	0.04132231404958678	0.0341130604288499	0.01800064288010285	0.037163710489538565
Voltaire_Micromegas	10	ils trouveront, dis je, qu' il fautabsolument que le globe qui l' a produit ait juste vingt un million six cent mille' pos='DET' lemma='vingt un million six cent mille'/> fois plus de circonférence que notre petite terre.	1	6	37	1	0.027027027027027	[['petit']]	0.035398230088495575	0.035398230088495575	0.0341130604288499	0.01800064288010285	0.037163710489538565
Voltaire_Micromegas	11	Rien n' est plus simple et plus ordinaire dans la nature.	1	7	11	0	0.0	[]	0.020202020202020204	0.020202020202020204	0.0341130604288499	0.01800064288010285	0.037163710489538565
Voltaire_Micromegas	12	Les états de quelques souverains d' Allemagne ou d' Italie, dont on peut faire le tour en une demie heure, comparés à l' empire de Turquie, de Moscovie ou de la Chine, ne sont qu' une très-faible image des prodigieuses différences que la nature a mises dans tous les êtres.	1	8	51	1	0.0196078431372549	[['faible']]	0.030927835051546393	0.030927835051546393	0.0341130604288499	0.01800064288010285	0.037163710489538565
Voltaire_Micromegas	13	La taille de son excellence étant de la hauteur que j' ai dite, tous nos sculpteurs et tous nos peintres conviendront sans peine que sa ceinture peut avoir cinquante mille pieds de roi de tour;	1	9	35	2	0.0571428571428571	[['taille'], ['pied']]	0.043010752688172046	0.043010752688172046	0.0341130604288499	0.01800064288010285	0.037163710489538565
Voltaire_Micromegas	14	ce qui fait une très-jolie proportion.	1	10	7	1	0.1428571428571428	[['joli']]	0.09278350515463918	0.09278350515463918	0.0341130604288499	0.01800064288010285	0.037163710489538565
Voltaire_Micromegas	15	Son nez étant le tiers de son visage, et son beau visage étant la septiéme partie de la hauteur de son beau corps, il faut avoüer que le nez du sirien a six mille trois cens trente-trois' pos='DET' lemma='six mille trois cents trente-trois'/> pieds de roi plus une fraction, ce qui était à démontrer.	1	11	55	6	0.109090909090909	[['nez'], ['visage'], ['beau'], ['beau'], ['corps'], ['nez']]	0.09333333333333334	0.09333333333333334	0.0341130604288499	0.01800064288010285	0.037163710489538565
Voltaire_Micromegas	16	Quant à son esprit, c' est un des plus cultivé que nous ayons;	1	12	13	0	0.0	[]	0.0759493670886076	0.0759493670886076	0.0341130604288499	0.01800064288010285	0.037163710489538565
Voltaire_Micromegas	17	il sait beaucoup de choses: il en a inventé quelques-unes;	1	13	11	0	0.0	[]	0.010309278350515464	0.010309278350515464	0.0341130604288499	0.01800064288010285	0.037163710489538565
Voltaire_Micromegas	18	il n' avait pas encore deux cens cinquante ans, et il étudiait selon la coutume au collège le plus célèbre de sa planette, lorsqu' il devina par la force de son esprit plus de cinquante propositions d' Euclide: c' est dixhuit de plus que Blaise Pascal, lequel après en avoir deviné trente-deux en se jouant, à ce que dit sa sœur, aima mieux depuis être un assez médiocre métaphysicien, qu' un grand géometre.	1	14	73	1	0.0136986301369863	[['grand']]	0.02586206896551724	0.02586206896551724	0.0341130604288499	0.01800064288010285	0.037163710489538565
Voltaire_Micromegas	19	Versles quatre cent cinquante ans, au sortir de l' enfance il disséqua beaucoup de ces petits insectes qui n' ont pas cent pieds de diametre, et qui se dérobent aux microscopes ordinaires.	1	15	32	2	0.0625	[['petit'], ['pied']]	0.03389830508474576	0.03389830508474576	0.0341130604288499	0.01800064288010285	0.037163710489538565
Voltaire_Micromegas	20	Il en composa un livre fort curieux, mais qui lui fit quelques affaires.	1	16	13	1	0.0769230769230769	[['fort']]	0.07042253521126761	0.07042253521126761	0.0341130604288499	0.01800064288010285	0.037163710489538565
Voltaire_Micromegas	21	Le mupthi de son pays, grand vieillard et fort ignorant, trouva dans son livre des propositions suspectes, mal-sonnantes, téméraires, sentans l' hérésie, et le poursuivit vivement;	1	17	26	2	0.0769230769230769	[['grand'], ['fort']]	0.05	0.05	0.0341130604288499	0.01800064288010285	0.037163710489538565
Voltaire_Micromegas	22	il s' agissait de savoir si la forme substantielle des puces de Sirius, était de même nature que celle des colimaçons.	1	18	21	0	0.0	[]	0.03389830508474576	0.03389830508474576	0.0341130604288499	0.01800064288010285	0.037163710489538565
Voltaire_Micromegas	23	Micromégas se deffendit avec esprit: le procès dura deux cens vingt ans.	1	19	12	0	0.0	[]	0.0	0.0	0.0341130604288499	0.01800064288010285	0.037163710489538565
Voltaire_Micromegas	24	Enfin le muphti fit condamner le livre par des jurisconsultes qui ne l' avaient pas lu, et l' auteur eut ordre de ne paraitre à la cour de huit cent années.	1	20	31	0	0.0	[]	0.009615384615384616	0.009615384615384616	0.0341130604288499	0.01800064288010285	0.037163710489538565
Voltaire_Micromegas	25	Il ne fut que médiocrement afligé d' être banni d' une cour qui n' était rempli que de tracasseries et de petitesses, il fit une chanson fort plaisante contre le muphti dont celui-ci ne s' embarrassa guères, et il se mit à voyager de planéte en planéte pour achever de se former l' esprit et le cœur , comme l' on dit.	1	21	61	1	0.0163934426229508	[['fort']]	0.010416666666666666	0.010416666666666666	0.0341130604288499	0.01800064288010285	0.037163710489538565
Voltaire_Micromegas	26	Ceux qui ne voyagent	1	22	4	0	0.0	[]	0.012195121951219513	0.012195121951219513	0.0341130604288499	0.01800064288010285	0.037163710489538565
Voltaire_Micromegas	27	qu' en chaise de poste ou en berline, seront sans doute étonnés des équipages de là-haut;	1	23	17	0	0.0	[]	0.02631578947368421	0.02631578947368421	0.0341130604288499	0.01800064288010285	0.037163710489538565
Voltaire_Micromegas	28	car nous autres sur notre petit tas de boüe, nous ne concevons rien au-delà de nos usages.	1	24	17	1	0.0588235294117647	[['petit']]	0.02	0.02	0.0341130604288499	0.01800064288010285	0.037163710489538565
Voltaire_Micromegas	29	Nôtre voyageur connaissait merveilleusement les lois de la gravitation, et toutes les forces attractives et répulsives.	1	25	16	0	0.0	[]	0.013513513513513514	0.013513513513513514	0.0341130604288499	0.01800064288010285	0.037163710489538565
Voltaire_Micromegas	30	Il s' en servait si à propos, que tantôt à l' aide d' un rayon dusoleil, tantôt par la commodité d' une cométe, il allait de globe en globe, lui et les siens, comme un oiseau voltige de branche en branche;	1	26	41	0	0.0	[]	0.009523809523809525	0.009523809523809525	0.0341130604288499	0.01800064288010285	0.037163710489538565
Voltaire_Micromegas	31	il parcourut la voie lactée en peu de temps, et je suis obligé d' avouer qu' il ne vit jamais au travers des étoiles dont on la croit semée, ce beau ciel empiré que l' illustre vicaire Dersham se vante d' avoir vu au bout de sa lunette.	1	27	48	1	0.0208333333333333	[['beau']]	0.008130081300813009	0.008130081300813009	0.0341130604288499	0.01800064288010285	0.037163710489538565
Voltaire_Micromegas	32	Ce n' est pas que je prétende que M Dersham ait mal vu, à Dieu ne plaise, mais Micromégas était sur les lieux, c' est un bon observateur, et je ne veux contredire personne.	1	28	34	0	0.0	[]	0.010752688172043012	0.010752688172043012	0.0341130604288499	0.01800064288010285	0.037163710489538565
Voltaire_Micromegas	33	Micromégas après avoir bien tourné arriva dans le globe de Saturne.	1	29	11	0	0.0	[]	0.012048192771084338	0.012048192771084338	0.0341130604288499	0.01800064288010285	0.037163710489538565
Voltaire_Micromegas	34	Quelqu' accoutumé qu' il fut de voir des choses nouvelles, il ne put d' abord se deffendre de ce sourire de supériorité qui échape quelquefois aux plus sages, en voyant la petitesse du globe et de ses habitants;	1	30	38	1	0.0263157894736842	[['sourire']]	0.03571428571428571	0.03571428571428571	0.0341130604288499	0.01800064288010285	0.037163710489538565
Voltaire_Micromegas	35	car enfin Saturne n' est guères que neuf cens fois plus gros que la terre, et les citoyens de ce pays-là sont des nains qui n' ont que mille toises de haut ou environ;	1	31	35	2	0.0571428571428571	[['gros'], ['haut']]	0.028846153846153848	0.028846153846153848	0.0341130604288499	0.01800064288010285	0.037163710489538565
Voltaire_Micromegas	36	il se mocqua un peu d' abord avec ses gens, à peu près comme un musicien italien se met à rire de la musique de Lully, quand il vient en France.	1	32	31	0	0.0	[]	0.04672897196261682	0.04672897196261682	0.0341130604288499	0.01800064288010285	0.037163710489538565
Voltaire_Micromegas	37	Mais comme le sirien était un bon esprit, il comprit bien vite qu' un être pensant peut fort bien n' être pas ridicule pour n' avoir que six mille pieds de haut, il se familiarisa avecles saturniens, après les avoir étonnés.	1	33	41	3	0.073170731707317	[['fort'], ['pied'], ['haut']]	0.05	0.05	0.0341130604288499	0.01800064288010285	0.037163710489538565
Voltaire_Micromegas	38	Il lia une étroite amitié avec le sécretaire de l' académie de Saturne, homme de beaucoup d' esprit, qui n' avait à la vérité rien inventé, mais qui rendait un fort bon compte des inventions des autres, et qui faisait passablement de petits vers et de grands calculs.	1	34	48	3	0.0625	[['fort'], ['petit'], ['grand']]	0.05504587155963303	0.05504587155963303	0.0341130604288499	0.01800064288010285	0.037163710489538565
Voltaire_Micromegas	39	Je rapporterai ici pour la satisfaction des lecteurs une conversation singulière que Micromégas eut un jour avec monsieur le sécretaire.	1	35	20	0	0.0	[]	0.04411764705882353	0.038461538461538464	0.0341130604288499	0.01800064288010285	0.037163710489538565
Voltaire_Micromegas	40	CHAPITRE 2 conversation de Micromégas avec l' habitant de Saturne.	2	0	10	0	0.0	[]	0.0	0.017241379310344827	0.0	0.0	0.0
Voltaire_Micromegas	41	après que son excellence se fut couchée, et que le sécrétaire se fut approché de son visage: il faut avouer, dit Micromégas, que la nature est bien variée.	3	0	28	1	0.0357142857142857	[['visage']]	0.023809523809523808	0.019230769230769232	0.01839080459770115	0.0	0.029486151126665278
Voltaire_Micromegas	42	Oui, dit le saturnien, la nature est comme un parterre dont les fleurs... ah!	3	1	14	0	0.0	[]	0.02040816326530612	0.02040816326530612	0.01839080459770115	0.0	0.029486151126665278
Voltaire_Micromegas	43	Dit l' autre, laissez-là votre par	3	2	7	0	0.0	[]	0.0	0.0	0.01839080459770115	0.0	0.029486151126665278
Voltaire_Micromegas	44	-	3	3	0	0	0.0	[]	0.0	0.0	0.01839080459770115	0.0	0.029486151126665278
Voltaire_Micromegas	45	terre.	3	4	1	0	0.0	[]	0.0	0.0	0.01839080459770115	0.0	0.029486151126665278
Voltaire_Micromegas	46	Elle est, reprit le sécrétaire, comme une assemblée de blondes et de brunes dont les parures... et qu' ai-je affaire de vos brunes?	3	5	24	0	0.0	[]	0.0	0.0	0.01839080459770115	0.0	0.029486151126665278
Voltaire_Micromegas	47	Dit l' autre.	3	6	3	0	0.0	[]	0.0	0.0	0.01839080459770115	0.0	0.029486151126665278
Voltaire_Micromegas	48	Elle est comme une galerie de peintures dont les traits... et non, dit le voyageur, encore une fois la nature est comme la nature, pourquoi lui chercher des comparaisons?	3	7	29	0	0.0	[]	0.0	0.0	0.01839080459770115	0.0	0.029486151126665278
Voltaire_Micromegas	49	Pour vous plaire, répondit le sécrétaire.	3	8	6	0	0.0	[]	0.0	0.0	0.01839080459770115	0.0	0.029486151126665278
Voltaire_Micromegas	50	Je ne veux pas qu' on me plaise, dit le voyageur, je veux qu' on m' instruise.	3	9	17	0	0.0	[]	0.0	0.0	0.01839080459770115	0.0	0.029486151126665278
Voltaire_Micromegas	51	Commencez d' abord	3	10	3	0	0.0	[]	0.0	0.0	0.01839080459770115	0.0	0.029486151126665278
Voltaire_Micromegas	52	par me dire combienles hommes de votre globe ont de sens.	3	11	11	0	0.0	[]	0.0	0.0	0.01839080459770115	0.0	0.029486151126665278
Voltaire_Micromegas	53	Nous en avons soixante et douze, dit l' académicien, et nous nous plaignons tous les jours du peu.	3	12	18	0	0.0	[]	0.0	0.0	0.01839080459770115	0.0	0.029486151126665278
Voltaire_Micromegas	54	Notre imagination và au-delà de nos besoins;	3	13	7	0	0.0	[]	0.014285714285714285	0.014285714285714285	0.01839080459770115	0.0	0.029486151126665278
Voltaire_Micromegas	55	nous trouvons qu' avec nos soixante et douze sens, notre anneau, nos cinq lunes, nous sommes trop bornés, et malgré notre curiosité, et le nombre assez grand des passions qui résultent de nos soixante et douze sens, nous avons tous le temps de nous ennuyer.	3	14	45	1	0.0222222222222222	[['grand']]	0.009523809523809525	0.009523809523809525	0.01839080459770115	0.0	0.029486151126665278
Voltaire_Micromegas	56	Je le crois bien, dit Micromégas, car dans notre globe nous avons près de mille sens, et il nous reste encore je ne sçai quel désir vague, je ne sçai quelle inquiétude, qui nous avertit sans cesse que nous sommes peu de chose, et qu' il y a des êtres beaucoup plus parfaits.	3	15	53	0	0.0	[]	0.017699115044247787	0.017699115044247787	0.01839080459770115	0.0	0.029486151126665278
Voltaire_Micromegas	57	J' ai un peu voyagé, j' ai vu des mortels fort au-dessous de nous;	3	16	15	1	0.0666666666666666	[['fort']]	0.020202020202020204	0.020202020202020204	0.01839080459770115	0.0	0.029486151126665278
Voltaire_Micromegas	58	j' en ai vu de fort supérieurs, mais je n' en ai vu aucuns qui n' aient plus de désirs que de vrais besoins, et plus de besoins que de satisfactions.	3	17	31	1	0.032258064516129	[['fort']]	0.02666666666666667	0.02666666666666667	0.01839080459770115	0.0	0.029486151126665278
Voltaire_Micromegas	59	J' arriverai peut être un jour au pays où il ne manque rien; mais jusqu' à présent personne ne m' a donné de nouvelles positives de ce pays-là.	3	18	29	0	0.0	[]	0.03529411764705882	0.03529411764705882	0.01839080459770115	0.0	0.029486151126665278
Voltaire_Micromegas	60	Le saturnien et le sirien s' épuiserent alors en conjectures: après beaucoup de raisonnement fort ingénieux, et fort incertains, il en fallut venir aux faits.	3	19	25	2	0.08	[['fort'], ['fort']]	0.03225806451612903	0.03225806451612903	0.01839080459770115	0.0	0.029486151126665278
Voltaire_Micromegas	61	Combien de temps vivez-vous, dit le sirien?	3	20	8	0	0.0	[]	0.07142857142857142	0.07142857142857142	0.01839080459770115	0.0	0.029486151126665278
Voltaire_Micromegas	62	Ah, bien peu, répliqua le petit homme de Saturne.	3	21	9	1	0.1111111111111111	[['petit']]	0.03125	0.03125	0.01839080459770115	0.0	0.029486151126665278
Voltaire_Micromegas	63	C' est tout comme chez nous, dit le sirien, nous nous plaignons toujours du peu.	3	22	15	0	0.0	[]	0.029411764705882353	0.029411764705882353	0.01839080459770115	0.0	0.029486151126665278
Voltaire_Micromegas	64	Il faut que ce soit une loi universelle de lanature.	3	23	10	0	0.0	[]	0.0	0.0	0.01839080459770115	0.0	0.029486151126665278
Voltaire_Micromegas	65	Hélas!	3	24	1	0	0.0	[]	0.02702702702702703	0.02702702702702703	0.01839080459770115	0.0	0.029486151126665278
Voltaire_Micromegas	66	Nous ne vivons, dit le saturnien que cinq cens grandes revolutions du soleil cela revient à quinze mille ans ou environ à compter à notre manière.	3	25	26	1	0.0384615384615384	[['grand']]	0.037037037037037035	0.037037037037037035	0.01839080459770115	0.0	0.029486151126665278
Voltaire_Micromegas	67	.	4	0	0	0	0.0	[]	0.03571428571428571	0.037037037037037035	0.03361344537815126	0.0	0.042648199434118954
Voltaire_Micromegas	68	Vous voyez bien que c' est mourir presque au moment où l' on est né, notre existence est un point, notre durée un instant, notre globe un atôme.	4	1	28	1	0.0357142857142857	[['mourir']]	0.034482758620689655	0.034482758620689655	0.03361344537815126	0.0	0.042648199434118954
Voltaire_Micromegas	69	à	4	2	1	0	0.0	[]	0.02702702702702703	0.02702702702702703	0.03361344537815126	0.0	0.042648199434118954
Voltaire_Micromegas	70	peine a-t-on commencé à s' instruire	4	3	8	0	0.0	[]	0.0	0.0	0.03361344537815126	0.0	0.042648199434118954
Voltaire_Micromegas	71	un peu, que la mort arrive avant que l' on ait de l' expérience;	4	4	14	0	0.0	[]	0.0	0.0	0.03361344537815126	0.0	0.042648199434118954
Voltaire_Micromegas	72	pour moi je n' ose faire aucuns projets;	4	5	8	0	0.0	[]	0.0	0.0	0.03361344537815126	0.0	0.042648199434118954
Voltaire_Micromegas	73	je me trouve comme une goute d' eau dans un occéan immense.	4	6	12	0	0.0	[]	0.02702702702702703	0.02702702702702703	0.03361344537815126	0.0	0.042648199434118954
Voltaire_Micromegas	74	Je suis honteux sur tous devant vous de la figure ridicule que je fais dans ce monde.	4	7	17	1	0.0588235294117647	[['figure']]	0.034482758620689655	0.034482758620689655	0.03361344537815126	0.0	0.042648199434118954
Voltaire_Micromegas	75	Micromégas lui repartit si vous n' étiez pas philosophe, je craindrais de vous afliger en vous apprenant que notre vie est sept cent fois plus longue que la votre;	4	8	29	1	0.0344827586206896	[['long']]	0.042105263157894736	0.042105263157894736	0.03361344537815126	0.0	0.042648199434118954
Voltaire_Micromegas	76	mais vous savez trop bien que quand il faut rendre son corps aux élemens, et ranimer la nature sous une autre forme, ce qui s' appelle mourir, quand ce moment de métamorphose est vénu, avoir vécu une éternité, ou avoir vécu un jour c' est précisément la même chose.	4	9	49	2	0.0408163265306122	[['corps'], ['mourir']]	0.0380952380952381	0.0380952380952381	0.03361344537815126	0.0	0.042648199434118954
Voltaire_Micromegas	77	J' ai été dans des pays où l' on vit mille fois plus long-temps que chez moi, et j' ai trouvé qu' on y murmurait encore.	4	10	27	1	0.037037037037037	[['long']]	0.030612244897959183	0.030612244897959183	0.03361344537815126	0.0	0.042648199434118954
Voltaire_Micromegas	78	Mais il y a partout des gens de bon sens qui savent prendre leur parti, et remercier l' auteur de la nature.	4	11	22	0	0.0	[]	0.015384615384615385	0.015384615384615385	0.03361344537815126	0.0	0.042648199434118954
Voltaire_Micromegas	79	Il a répandu sur cet univers une profusion de variétés avec une espèce d' uniformité admirable.	4	12	16	0	0.0	[]	0.0	0.0	0.03361344537815126	0.0	0.042648199434118954
Voltaire_Micromegas	80	Par exemple, tous les êtres pensant sont différents, et tous se ressemblent au fond par le don des pensées et des désirs, la matière est partout étendue, mais elle a danschaque globe des propriétés diverses, combien comptez vous de ces propriétés principales dans votre matière?	4	13	45	0	0.0	[]	0.0	0.0	0.03361344537815126	0.0	0.042648199434118954
Voltaire_Micromegas	81	Si vous parlez de ces propriétés, dit le saturnien, sans lesquelles nous croyons que ce globe ne pourrait subsister tel qu' il est, nous en comptons trois cens;	4	14	28	0	0.0	[]	0.0	0.0	0.03361344537815126	0.0	0.042648199434118954
Voltaire_Micromegas	82	comme l' étendue, l' impénétrabilité, la mobilité, la gravitation, la divisibilité et le reste.	4	15	14	0	0.0	[]	0.03278688524590164	0.03278688524590164	0.03361344537815126	0.0	0.042648199434118954
Voltaire_Micromegas	83	Apparemment, répliqua le voyageur que ce petit nombre suffit aux vues que le créateur avait sur votre petite habitation.	4	16	19	2	0.1052631578947368	[['petit'], ['petit']]	0.03896103896103896	0.03896103896103896	0.03361344537815126	0.0	0.042648199434118954
Voltaire_Micromegas	84	J' admire en tout sa sagesse: je vois partout des différences, mais aussi partout des proportions, votre globe est petit, vos habitants le sont aussi, vous avez peu de sensations, votre matière a peu de propriétés, tout cela est l' ouvrage de la providence.	4	17	44	1	0.0227272727272727	[['petit']]	0.056338028169014086	0.056338028169014086	0.03361344537815126	0.0	0.042648199434118954
Voltaire_Micromegas	85	De quelle couleur est votre soleil bien examiné.	4	18	8	1	0.125	[['couleur']]	0.08888888888888889	0.08888888888888889	0.03361344537815126	0.0	0.042648199434118954
Voltaire_Micromegas	86	D' un blanc fort jaunâtre, dit le saturnien, et quand nous divisons un de ses rayons, nous trouvons qu' il contient sept couleurs: notre soleil tire sur le rouge, dit le sirien, et nous avons trente-neuf couleurs primitives.	4	19	38	6	0.1578947368421052	[['blanc'], ['fort'], ['jaunâtre'], ['couleur'], ['rouge'], ['couleur']]	0.09876543209876543	0.09876543209876543	0.03361344537815126	0.0	0.042648199434118954
Voltaire_Micromegas	87	Il n' y a pas un soleil parmi tous ceux dont j' ai approché qui se ressemble, comme chez vous il n' y a pas un visage qui ne soit différent de tous les autres.	4	20	35	1	0.0285714285714285	[['visage']]	0.07692307692307693	0.07692307692307693	0.03361344537815126	0.0	0.042648199434118954
Voltaire_Micromegas	88	Après plusieurs questions de cette nature, il s' informa combien de substances essentiellement différentes on comptait dans Saturne.	4	21	18	0	0.0	[]	0.019230769230769232	0.019230769230769232	0.03361344537815126	0.0	0.042648199434118954
Voltaire_Micromegas	89	Il apprit qu' on n' en comptait qu' une trentaine, comme Dieu, l' espace, la matière, les êtres étendus qui sentent, les êtres étendus qui sentent et qui pensent, les êtres pensant qui n' ont pas d' étendue, ceux qui se pénétrent, ceux qui ne se pénétrent pas, et le reste.	4	22	51	1	0.0196078431372549	[['pénétrer']]	0.010526315789473684	0.010526315789473684	0.03361344537815126	0.0	0.042648199434118954
Voltaire_Micromegas	90	Le sirien chez qui on en comptait trois cent et qui en avait découvert trois mille autres dans ses voyages, étonna prodigieusement le philosophe de Saturne.	4	23	26	0	0.0	[]	0.0125	0.0125	0.03361344537815126	0.0	0.042648199434118954
Voltaire_Micromegas	91	Enfin après s'	4	24	3	0	0.0	[]	0.03125	0.03125	0.03361344537815126	0.0	0.042648199434118954
Voltaire_Micromegas	92	être communiquél' un et l' autre ce qu' ils sçavaient, et même ce qu' ils ne sçavaient pas, après avoir raisonné pendant une révolution du soleil, ils résolurent de faire ensemble un petit voyage philosophique.	4	25	35	2	0.0571428571428571	[['pendant'], ['petit']]	0.05263157894736842	0.041666666666666664	0.03361344537815126	0.0	0.042648199434118954
Voltaire_Micromegas	93	CHAPITRE 3 voyage des deux habitants de l' autre monde.	5	0	10	0	0.0	[]	0.0	0.06363636363636363	0.0	0.0	0.0
Voltaire_Micromegas	94	nos deux philosophes étaient prêts à s' embarquer pour l' atmosphére de Saturne, avec une fort jolie provision d' instrument de mathématiques, lorsque la maîtresse du saturnien qui en eut des nouvelles vint en larmes faire ses remontrances, c' était une fort jolie petite brune qui n' avait que six cens soixante toises, mais qui reparoit par bien des agrément la petitesse de sa taille.	6	0	65	5	0.0769230769230769	[['fort'], ['joli'], ['fort'], ['joli'], ['petit']]	0.051094890510948905	0.047619047619047616	0.03588907014681892	0.0238095238095238	0.036092720943618095
Voltaire_Micromegas	95	Ah cruel, s' écria-t-elle, après t' avoir résisté quinze cens ans, lorsqu' enfin je commençais à me rendre, quand j' ai à peine passé deux cens ans entre tes bras, tu me quittes pour aller voyager avec un géant d' un autre monde, va tu n' es qu' un curieux, tu n' as jamais eû d' amour, si tu étais un vrai saturnien tu serais fidèle: où vas-tu courir?	6	1	72	2	0.0277777777777777	[['ton'], ['bras']]	0.05	0.05	0.03588907014681892	0.0238095238095238	0.036092720943618095
Voltaire_Micromegas	96	Que veux-tu?	6	2	3	0	0.0	[]	0.02040816326530612	0.02040816326530612	0.03588907014681892	0.0238095238095238	0.036092720943618095
Voltaire_Micromegas	97	Nos cinq lunes sont moins errantes que toi, notre anneau est moins changeant, voilà qui est fait, je n' aimerai jamais plus personne.	6	3	23	0	0.0	[]	0.03773584905660377	0.03773584905660377	0.03588907014681892	0.0238095238095238	0.036092720943618095
Voltaire_Micromegas	98	Le philosophe l' embrassa, pleura avec elle, tout philosophe qu' ilétoit, et la dame après s' être pâmée alla se consoler avec un petit maître du pays.	6	4	27	2	0.074074074074074	[['consoler'], ['petit']]	0.05102040816326531	0.05102040816326531	0.03588907014681892	0.0238095238095238	0.036092720943618095
Voltaire_Micromegas	99	Cependant nos deux curieux partirent, ils sauterent d' abord sur l' anneau qu' ils trouvèrent assez plat, comme l' a fort bien deviné un illustre habitant de notre petit globe: de-là ils allèrent aisément de lune en lune, une cométe passait tout auprès de la dernière, ils s'	6	5	48	3	0.0625	[['plat'], ['fort'], ['petit']]	0.05952380952380952	0.05952380952380952	0.03588907014681892	0.0238095238095238	0.036092720943618095
Voltaire_Micromegas	100	élancerent sur elle avec leur domestique, et leurs instrument.	6	6	9	0	0.0	[]	0.0410958904109589	0.0410958904109589	0.03588907014681892	0.0238095238095238	0.036092720943618095
Voltaire_Micromegas	101	Quand ils eurent fait environ cent cinquante millions de lieues, ils rencontrerent les satelites de Jupiter.	6	7	16	0	0.0	[]	0.03333333333333333	0.03333333333333333	0.03588907014681892	0.0238095238095238	0.036092720943618095
Voltaire_Micromegas	102	Ils passèrent dans Jupiter même, et y restèrent une année, pendant laquelle ils apprirent de fort beaux sécrets qui seraient actuellement sous presse sans messieurs les inquisiteurs qui ont trouvé quelques propositions un peu dures.	6	8	35	2	0.0571428571428571	[['pendant'], ['fort']]	0.023529411764705882	0.023529411764705882	0.03588907014681892	0.0238095238095238	0.036092720943618095
Voltaire_Micromegas	103	Mais j' en ai lu le manuscrit dans la bibliothèque de l' illustre archevêque de * qui m' a fait voir ses livres avec cette générosité, et cette bonté qu' on ne saurait assez louer.	6	9	34	0	0.0	[]	0.037037037037037035	0.037037037037037035	0.03588907014681892	0.0238095238095238	0.036092720943618095
Voltaire_Micromegas	104	Aussi je lui promets un long article dans la première édition qu' on fera de Moreri, et je n' oublierai pas surtout messieurs ses enfants qui donnent une si grande espérance de perpétuer la race de leur illustre père.	6	10	39	2	0.0512820512820512	[['long'], ['grand']]	0.035398230088495575	0.035398230088495575	0.03588907014681892	0.0238095238095238	0.036092720943618095
Voltaire_Micromegas	105	Mais revenons à nos voyageurs: en sortant de Jupiter ils traverserent un espace d' environ cent millions de lieues, et ils cotoyerent la planéte de Mars, qui comme on sait est cinq cens fois plus petite que notre petit globe.	6	11	40	2	0.05	[['petit'], ['petit']]	0.052083333333333336	0.052083333333333336	0.03588907014681892	0.0238095238095238	0.036092720943618095
Voltaire_Micromegas	106	Ils virent deux lunes qui servent à cette planéte, qui ont échappé aux regards de nos astronomes.	6	12	17	1	0.0588235294117647	[['regard']]	0.03488372093023256	0.03488372093023256	0.03588907014681892	0.0238095238095238	0.036092720943618095
Voltaire_Micromegas	107	Je sais bien que le père Castel écrira même assez plaisamment contre l' existence de ces deux lunes, mais je m' en rapporte à ceux qui raisonnent par analogie.	6	13	29	0	0.0	[]	0.014285714285714285	0.014285714285714285	0.03588907014681892	0.0238095238095238	0.036092720943618095
Voltaire_Micromegas	108	Ces bons philosophes là savent combien il serait difficile que Mars qui est si loin du soleil, se passât à moins de deux lunes;	6	14	24	0	0.0	[]	0.010526315789473684	0.010526315789473684	0.03588907014681892	0.0238095238095238	0.036092720943618095
Voltaire_Micromegas	109	quoiqu' il en soit, nos gens trouvèrent cela si petit, qu' ils craignirent de n' y pas trouver de quoi coucher, ils passèrent leur chemin comme deux voyageurs qui dédaignent un mauvais cabaret de village, et poussent jusqu' à la ville voisine.	6	15	42	1	0.0238095238095238	[['petit']]	0.013157894736842105	0.013157894736842105	0.03588907014681892	0.0238095238095238	0.036092720943618095
Voltaire_Micromegas	110	Mais le sirien et son compagnon s' en repentirent bientôt;	6	16	10	0	0.0	[]	0.03333333333333333	0.03333333333333333	0.03588907014681892	0.0238095238095238	0.036092720943618095
Voltaire_Micromegas	111	ils allèrent long-temps et ne trouvèrent rien.	6	17	8	1	0.125	[['long']]	0.05263157894736842	0.05263157894736842	0.03588907014681892	0.0238095238095238	0.036092720943618095
Voltaire_Micromegas	112	Enfin ils aperçurent une petite lueur, c' était la terre, cela fit pitié à des gens qui venaient de Jupiter;	6	18	20	1	0.05	[['petit']]	0.02564102564102564	0.02564102564102564	0.03588907014681892	0.0238095238095238	0.036092720943618095
Voltaire_Micromegas	113	cependant de peur de se répentir une seconde fois, ils résolurent de débarquer, ils passèrent sur la queue de la cométe, et trouvant une aurore boréale qui était toute prête, ils se mirent dedans, et arriveront à terre sur le bord septentrional de la mer Baltique, le 5 juillet 1737.	6	19	50	0	0.0	[]	0.013888888888888888	0.013888888888888888	0.03588907014681892	0.0238095238095238	0.036092720943618095
Voltaire_Micromegas	114	Nouveau style.	6	20	2	0	0.0	[]	0.0	0.0	0.03588907014681892	0.0238095238095238	0.036092720943618095
Voltaire_Micromegas	115	CHAPITRE 4 ce qui leur arrive sur le globe de la terre.	7	0	12	0	0.0	[]	0.0	0.028169014084507043	0.0	0.0	0.0
Voltaire_Micromegas	116	après s' être reposé quelque temps, ils voulurent reconnaitre le petit pays où ils étaient, ils allèrent d' abord du nord au sud, les pas ordinaires du sirien et de ses gensétoient d' environ trente mille pieds de roi: le nain de Saturne, dont la taille n' était que de mille toises suivait de loin en haletant;	8	0	57	2	0.0350877192982456	[['petit'], ['taille']]	0.02702702702702703	0.023255813953488372	0.03488372093023256	0.0	0.03933826131684973
Voltaire_Micromegas	117	or il fallait qu' il fit environ douze pas quand l' autre ne faisait qu' une enjambée;	8	1	17	0	0.0	[]	0.0297029702970297	0.0297029702970297	0.03488372093023256	0.0	0.03933826131684973
Voltaire_Micromegas	118	figurez-vous (s' il est permis de faire de telles comparaisons) un très-petit chien de manchon qui suivrait un capitaine de gardes du roi de Prusse.	8	2	27	1	0.037037037037037	[['petit']]	0.01639344262295082	0.01639344262295082	0.03488372093023256	0.0	0.03933826131684973
Voltaire_Micromegas	119	Comme ces étrangers-là vont assez vite, ils eurent fait le tour du globe en trente-six heures;	8	3	17	0	0.0	[]	0.016666666666666666	0.016666666666666666	0.03488372093023256	0.0	0.03933826131684973
Voltaire_Micromegas	120	le soleil à la vérité, ou plutôt la terre fait un pareil voyage en une journée;	8	4	16	0	0.0	[]	0.0	0.0	0.03488372093023256	0.0	0.03933826131684973
Voltaire_Micromegas	121	mais il faut songer qu' on va bien plus à son aise quand on tourne sur son axe, que quand on marche sur ses pieds.	8	5	25	0	0.0	[]	0.025	0.025	0.03488372093023256	0.0	0.03933826131684973
Voltaire_Micromegas	122	Les voilà donc revenus d' où ils étaient partis, après avoir vu cette mare presque' imperceptible pour eux, que l' on nomme la Méditerranée, et cet autre petit étang, qui sous le nom du grand occean entoure la taupiniére.	8	6	39	2	0.0512820512820512	[['petit'], ['grand']]	0.024096385542168676	0.024096385542168676	0.03488372093023256	0.0	0.03933826131684973
Voltaire_Micromegas	123	Le nain n' en avait jamais jusqu' à mi-jambe, et à peine l' autre avait-il mouillé son talon.	8	7	19	0	0.0	[]	0.03278688524590164	0.03278688524590164	0.03488372093023256	0.0	0.03933826131684973
Voltaire_Micromegas	124	Ils firent tout	8	8	3	0	0.0	[]	0.0	0.0	0.03488372093023256	0.0	0.03933826131684973
Voltaire_Micromegas	125	ce qu' ils purent en allant dessus et dessous pour tâcher de savoir si ce globe était habité ou non;	8	9	20	0	0.0	[]	0.0	0.0	0.03488372093023256	0.0	0.03933826131684973
Voltaire_Micromegas	126	ils se baisserent, ils se coucherent, ils tâterent partout,	8	10	9	0	0.0	[]	0.041666666666666664	0.041666666666666664	0.03488372093023256	0.0	0.03933826131684973
Voltaire_Micromegas	127	mais leurs yeux et leur main n' étant pas proportionnées aux petits êtres qui rampent ici, ils ne reçurent pas la moindre sensation qui pût leur faire soupçonnerque nous et nos confréres les autres habitants de ce globe avons l' honneur d' exister.	8	11	43	3	0.0697674418604651	[['oeil'], ['main'], ['petit']]	0.03614457831325301	0.03614457831325301	0.03488372093023256	0.0	0.03933826131684973
Voltaire_Micromegas	128	Le nain qui jugeait quelquefois un peu trop vite, décida d' abord qu' il n' y avait personne sur la terre, sa première raison était qu' il n' avait vu personne.	8	12	31	0	0.0	[]	0.042735042735042736	0.042735042735042736	0.03488372093023256	0.0	0.03933826131684973
Voltaire_Micromegas	129	Micromégas lui fit sentir poliment que c' était raisonner assez mal, car disait-il, vous ne voyez pas avec vos petits yeux certaines étoiles de la cinquantiéme grandeur que j' aperçois très-distinctement, concluez-vous de là que ces étoiles n' existent pas;	8	13	43	2	0.0465116279069767	[['petit'], ['oeil']]	0.022222222222222223	0.022222222222222223	0.03488372093023256	0.0	0.03933826131684973
Voltaire_Micromegas	130	mais dit le nain, j' ai bien tâté: mais répondit l' autre vous avez mal senti;	8	14	16	0	0.0	[]	0.03076923076923077	0.03076923076923077	0.03488372093023256	0.0	0.03933826131684973
Voltaire_Micromegas	131	mais dit le nain, ce globe	8	15	6	0	0.0	[]	0.0	0.0	0.03488372093023256	0.0	0.03933826131684973
Voltaire_Micromegas	132	-ci est si mal construit, cela est si irrégulier, et d' une forme qui me parait si ridicule!	8	16	18	0	0.0	[]	0.06779661016949153	0.06779661016949153	0.03488372093023256	0.0	0.03933826131684973
Voltaire_Micromegas	133	Tout semble être ici dans le cahot, voyez-vous ces petits ruisseaux dont aucun ne va de droit fil: ces étangs, qui ne sont ni ronds, ni quarrés, ni ovales, ni sous aucune forme régulière?	8	17	35	4	0.1142857142857142	[['petit'], ['droit'], ['rond'], ['ovale']]	0.07792207792207792	0.07792207792207792	0.03488372093023256	0.0	0.03933826131684973
Voltaire_Micromegas	134	Tous ces petits grains pointus dont ce globe est herissé, et qui m' ont écorchés les pieds, (il voulait parler des montagnes).	8	18	24	2	0.0833333333333333	[['petit'], ['pied']]	0.08823529411764706	0.08823529411764706	0.03488372093023256	0.0	0.03933826131684973
Voltaire_Micromegas	135	Remarquez-vous encore la forme de tout le globe.	8	19	9	0	0.0	[]	0.03296703296703297	0.03296703296703297	0.03488372093023256	0.0	0.03933826131684973
Voltaire_Micromegas	136	Comme il est plat aux pôles, comme il tourne autour du soleil d' une manière gauche de façon que les climats des pôles sont nécessairement incultes: en vérité ce qui fait que je pense qu' il n' y a ici personne, c' est qu' il me parait que des gens de bon sens n' y voudraient pas demeurer.	8	20	58	1	0.0172413793103448	[['plat']]	0.009900990099009901	0.009900990099009901	0.03488372093023256	0.0	0.03933826131684973
Voltaire_Micromegas	137	Eh bien, dit Micromégas, ce ne sont peut-être pas non plus des gens de bon sens qui l' habitent: mais enfin il y a quelque aparence que ceci n' est pas fait pour rien.	8	21	34	0	0.0	[]	0.007751937984496124	0.007751937984496124	0.03488372093023256	0.0	0.03933826131684973
Voltaire_Micromegas	138	Tout vous parait irrégulier ici, dites vous, parce que tout est tiré au cordeau dans Saturne et dans Jupiter, eh c' est peut-être par cette raison-là même, qu' il y a ici un peu de confusion;	8	22	37	0	0.0	[]	0.0	0.0	0.03488372093023256	0.0	0.03933826131684973
Voltaire_Micromegas	139	ne vous ai-je pas dit que dansmes voyages j' avais toujours remarqué de la variété?	8	23	16	0	0.0	[]	0.0	0.0	0.03488372093023256	0.0	0.03933826131684973
Voltaire_Micromegas	140	Le saturnien répliqua à toutes ces raisons;	8	24	7	0	0.0	[]	0.0	0.0	0.03488372093023256	0.0	0.03933826131684973
Voltaire_Micromegas	141	la dispute n' eut jamais finie, si par bonheur Micromégas en s' échauffant à parler n' eut cassé le fil de son collier de diamants;	8	25	25	0	0.0	[]	0.0	0.0	0.03488372093023256	0.0	0.03933826131684973
Voltaire_Micromegas	142	ces diamants tombèrent;	8	26	3	0	0.0	[]	0.07407407407407407	0.07407407407407407	0.03488372093023256	0.0	0.03933826131684973
Voltaire_Micromegas	143	c' était de jolis petits karats assez inégaux, dont les plus gros pésoient quatre cens livres, et les plus petits cinquante, le nain en ramassa quelques-uns;	8	27	26	4	0.1538461538461538	[['joli'], ['petit'], ['gros'], ['petit']]	0.09615384615384616	0.09615384615384616	0.03488372093023256	0.0	0.03933826131684973
Voltaire_Micromegas	144	il s' aperçut en les approchant de ses yeux, que ces diamants de la façon dont ils étaient taillés étaient d' excellent microscopes.	8	28	23	1	0.0434782608695652	[['oeil']]	0.10256410256410256	0.10256410256410256	0.03488372093023256	0.0	0.03933826131684973
Voltaire_Micromegas	145	Il prit donc un petit microscope de cent soixante pieds de diamétre qu' il appliqua à sa prunelle et Micromégas en choisit un de deux mille cinq cens pieds.	8	29	29	3	0.1034482758620689	[['petit'], ['pied'], ['prunelle']]	0.06153846153846154	0.06153846153846154	0.03488372093023256	0.0	0.03933826131684973
Voltaire_Micromegas	146	Ils étaient excellent, mais d' abord on ne vit rien par leur sécours.	8	30	13	0	0.0	[]	0.06521739130434782	0.06521739130434782	0.03488372093023256	0.0	0.03933826131684973
Voltaire_Micromegas	147	Il fallait s' ajuster.	8	31	4	0	0.0	[]	0.0	0.0	0.03488372093023256	0.0	0.03933826131684973
Voltaire_Micromegas	148	Enfin l' habitant de Saturne vit quelque chose d' imperceptible qui remuait entre deux eaux dans la mer Baltique.	8	32	19	0	0.0	[]	0.0684931506849315	0.0684931506849315	0.03488372093023256	0.0	0.03933826131684973
Voltaire_Micromegas	149	C' était une baleine, il la prit avec le petit doigt fort adroitement, et la mettant sur l' ongle de son pouce il la fit voir au sirien qui se mit à rire pour la seconde fois de voir l' excès de petitesse dont étaient les habitants de notre globe.	8	33	50	5	0.1	[['petit'], ['doigt'], ['fort'], ['ongle'], ['pouce']]	0.058823529411764705	0.058823529411764705	0.03488372093023256	0.0	0.03933826131684973
Voltaire_Micromegas	150	Le saturnien convaincu que notre monde était habité, s' imagina bien vite qu' il ne l' était que par des baleines, et comme il était grand raisonneur, il voulut deviner d' où un si petit atome tirait son origine, son mouvement, s' il avait des idées, une volonté, une liberté.	8	34	50	2	0.04	[['grand'], ['petit']]	0.06766917293233082	0.06766917293233082	0.03488372093023256	0.0	0.03933826131684973
Voltaire_Micromegas	151	Micromégas y fut fort embarassé, il examina l' animal fort patiemment, et le résultat de l' examen fut qu' il n' y avait pas moyen de croire qu' une âme fut logée là.	8	35	33	2	0.0606060606060606	[['fort'], ['fort']]	0.032467532467532464	0.032467532467532464	0.03488372093023256	0.0	0.03933826131684973
Voltaire_Micromegas	152	Les deuxvoyageurs inclinoient donc à penser qu' il n' y avait pas d' esprit dans notre habitation, lorsqu' à l' aide du microscope ils aperçurent quelque chose d' aussi gros qu' une baleine qui flottait sur la mer Baltique, on sait que dans ce temps-là même une volée de philosophes revenait du cercle pôlaire sous lequel il avait été fait des observations dont personne ne s' était avisé jusqu' alors.	8	36	71	1	0.0140845070422535	[['gros']]	0.023809523809523808	0.023809523809523808	0.03488372093023256	0.0	0.03933826131684973
Voltaire_Micromegas	153	Les gazettes dirent que leur vaisseau échoua aux côtes de Bosnie, et qu' ils eurent bien de la peine à se sauver;	8	37	22	0	0.0	[]	0.009523809523809525	0.009523809523809525	0.03488372093023256	0.0	0.03933826131684973
Voltaire_Micromegas	154	mais on ne sait jamais en ce monde le dessous des cartes;	8	38	12	0	0.0	[]	0.016666666666666666	0.016666666666666666	0.03488372093023256	0.0	0.03933826131684973
Voltaire_Micromegas	155	je vais raconter ingénuement comme la chose se passa, sans y rien mettre du mien, ce qui n' est pas un petit effort pour un historien.	8	39	26	1	0.0384615384615384	[['petit']]	0.02631578947368421	0.0707070707070707	0.03488372093023256	0.0	0.03933826131684973
Voltaire_Micromegas	156	CHAPITRE 5 Micromégas étendit la main tout doucement vers l' endroit d' où l' objet paraissait, et avançant deux doigts et les retirant par la crainte de se tromper, puis les ouvrant et les serrant, il saisit fort adroitement le vaisseau qui portait ces messieurs, et le mit encore sur son ongle sans le trop presser de peur de l' écraser.	9	0	61	6	0.0983606557377049	[['main'], ['doigt'], ['serrer'], ['fort'], ['ongle'], ['presser']]	0.0821917808219178	0.0707070707070707	0.05081967213114754	0.0	0.03595241509073741
Voltaire_Micromegas	157	Voici un animal bien différent du premier, dit le nain de Saturne;	9	1	12	0	0.0	[]	0.06956521739130435	0.06956521739130435	0.05081967213114754	0.0	0.03595241509073741
Voltaire_Micromegas	158	le sirien mit le prétendu animal dans le creux de sa main, les passagers et les gens de l' équipage qui s' étaient crus enlevés par un ouragan, et qui se croyaient sur une espèce de rocher, se mettent tous en mouvement;	9	2	42	2	0.0476190476190476	[['creux'], ['main']]	0.061224489795918366	0.061224489795918366	0.05081967213114754	0.0	0.03595241509073741
Voltaire_Micromegas	159	les matelots prennent des tonneauxde vin les jettent sur la main de Micromégas, et se précipitent après, les géométres prennent leur quart de cercle, leur secteur, deux filles lapones, et descendent sur le doigt du sirien, ils en firent tant qu' il sentit enfin remuer quelque chose qui lui chatouillait les doigts, c' était un bâton ferré qu' on lui enfonçait d' un pied dans l' index, il jugea par ce picotement qu' il était sorti quelque chose du petit animal qu' il tenait, mais il n' en soupçonna pas d' abord davantage;	9	3	93	7	0.075268817204301	[['main'], ['doigt'], ['doigt'], ['enfoncer'], ['pied'], ['index'], ['petit']]	0.05625	0.05625	0.05081967213114754	0.0	0.03595241509073741
Voltaire_Micromegas	160	le microscope qui faisait à peine discerner une baleine et un vaisseau n' avait pas de prise sur un être aussi imperceptible que des hommes.	9	4	25	0	0.0	[]	0.05555555555555555	0.05555555555555555	0.05081967213114754	0.0	0.03595241509073741
Voltaire_Micromegas	161	Je ne prétends pas choquer ici la vanité de personne, mais je suis obligé de prier les important de faire ici une petite remarque avec moi;	9	5	26	1	0.0384615384615384	[['petit']]	0.06428571428571428	0.06428571428571428	0.05081967213114754	0.0	0.03595241509073741
Voltaire_Micromegas	162	c' est qu' en prenant la taille des hommes d' environ cinq pieds, nous ne faisons pas sur la terre une plus grande figure qu' en ferait sur une boule de dix pieds de tour un animal qui aurait à peu près la soixante milliéme partie d' un pied en hauteur, figurez-vous une substance qui pourrait tenir la terre dans sa main, et qui aurait des organes en proportion des notres, et il se peut très-bien faire qu' il y ait un grand nombre de ces substances.	9	6	89	8	0.0898876404494382	[['taille'], ['pied'], ['grand'], ['figure'], ['pied'], ['pied'], ['main'], ['grand']]	0.06521739130434782	0.06521739130434782	0.05081967213114754	0.0	0.03595241509073741
Voltaire_Micromegas	163	Or concevez, je vous prie, ce qu' elles penseraient de ces batailles qui font gagner au vainqueur un village pour le perdre ensuite.	9	7	23	0	0.0	[]	0.075	0.075	0.05081967213114754	0.0	0.03595241509073741
Voltaire_Micromegas	164	Je ne doute pas que si quelque capitaine de grands grénadierslit jamais cet ouvrage, il ne hausse de deux grands pieds au moins les bonnets de sa troupe, mais je l' avertis qu' il aura beau faire, que lui et les siens ne seront que des infiniment petits.	9	8	48	4	0.0833333333333333	[['grand'], ['grand'], ['pied'], ['beau']]	0.043478260869565216	0.043478260869565216	0.05081967213114754	0.0	0.03595241509073741
Voltaire_Micromegas	165	Quelle adresse merveilleuse ne fallut-il donc pas à notre philosophe sirien pour apercevoir les atômes dont je viens de parler?	9	9	21	0	0.0	[]	0.043010752688172046	0.043010752688172046	0.05081967213114754	0.0	0.03595241509073741
Voltaire_Micromegas	166	Quand Vanhoeck et Hartsoeker virent les premiers la graine dont nous sommes formés, ils ne firent pas à beaucoup près une si étonnante découverte.	9	10	24	0	0.0	[]	0.014925373134328358	0.014925373134328358	0.05081967213114754	0.0	0.03595241509073741
Voltaire_Micromegas	167	Quel plaisir sentit Micromégas en voyant remuer ces petites machines, en examinant tous leurs tours, en les suivant dans toutes leurs opérations?	9	11	22	1	0.0454545454545454	[['petit']]	0.029850746268656716	0.029850746268656716	0.05081967213114754	0.0	0.03595241509073741
Voltaire_Micromegas	168	Comme il s' écria, comme il mit avec joie un de ses microscopes dans les mains de son compagnon de voyage?	9	12	21	1	0.0476190476190476	[['main']]	0.037037037037037035	0.037037037037037035	0.05081967213114754	0.0	0.03595241509073741
Voltaire_Micromegas	169	Je les vois, disaient-ils tous les deux à la fois;	9	13	11	0	0.0	[]	0.02127659574468085	0.02127659574468085	0.05081967213114754	0.0	0.03595241509073741
Voltaire_Micromegas	170	ne les voyez vous pas qui portent des fardeaux, qui se baissent, qui se relevent?	9	14	15	0	0.0	[]	0.02040816326530612	0.02040816326530612	0.05081967213114754	0.0	0.03595241509073741
Voltaire_Micromegas	171	En parlant ainsi les mains leur tremblaient par le plaisir de voir des objets si nouveaux, et par la crainte de les perdre.	9	15	23	1	0.0434782608695652	[['main']]	0.01694915254237288	0.01694915254237288	0.05081967213114754	0.0	0.03595241509073741
Voltaire_Micromegas	172	Le saturnien passant d' un excès de défiance à un excès de crédulité crût apercevoir qu' ils travaillaient à la propagation.	9	16	21	0	0.0	[]	0.01818181818181818	0.01818181818181818	0.05081967213114754	0.0	0.03595241509073741
Voltaire_Micromegas	173	Ah, disait-il, j' ai pris la nature sur le fait;	9	17	11	0	0.0	[]	0.0	0.0	0.05081967213114754	0.0	0.03595241509073741
Voltaire_Micromegas	174	mais il se trompait sur les apparences, ce qui n' arrive que trop, soit qu' on se serve ou non du microscope.	9	18	22	0	0.0	[]	0.0	0.0	0.05081967213114754	0.0	0.03595241509073741
Voltaire_Micromegas	175	CHAPITRE 6 ce qui leur arriva avec les hommes.	10	0	9	0	0.0	[]	0.0	0.0	0.0	0.0	0.0
Voltaire_Micromegas	176	Micromégas	11	0	1	0	0.0	[]	0.0	0.0	0.037785588752196834	0.0	0.03889584563066271
Voltaire_Micromegas	177	bien meilleur observateur que son nain, vit clairement que les atômes se parlaient et il le fit remarquer à son compagnon, qui honteux de s' être mépris sur l' article de la génération, ne voulut pas croire que de pareilles espèces pussent se communiquer des idées.	11	1	46	0	0.0	[]	0.0	0.0	0.037785588752196834	0.0	0.03889584563066271
Voltaire_Micromegas	178	Il avait le don des langues aussi bien que le sirien;	11	2	11	0	0.0	[]	0.0	0.0	0.037785588752196834	0.0	0.03889584563066271
Voltaire_Micromegas	179	il n' entendait pas parler nos atômes;	11	3	7	0	0.0	[]	0.0	0.0	0.037785588752196834	0.0	0.03889584563066271
Voltaire_Micromegas	180	et il supposait qu' ils ne parlaient pas: d' ailleurs comme ces êtres imperceptibles auraient	11	4	15	0	0.0	[]	0.029411764705882353	0.029411764705882353	0.037785588752196834	0.0	0.03889584563066271
Voltaire_Micromegas	181	-ils les organes de la voix, et qu' auraient-ils à dire?	11	5	12	1	0.0833333333333333	[['voix']]	0.027777777777777776	0.027777777777777776	0.037785588752196834	0.0	0.03889584563066271
Voltaire_Micromegas	182	Pour parler il faut penser, ou à peu près;	11	6	9	0	0.0	[]	0.030303030303030304	0.030303030303030304	0.037785588752196834	0.0	0.03889584563066271
Voltaire_Micromegas	183	mais s' ils pensaient ils auraient donc l' équivalent d' une âme.	11	7	12	0	0.0	[]	0.0	0.0	0.037785588752196834	0.0	0.03889584563066271
Voltaire_Micromegas	184	Or attribuer l' équivalent d' une âme à une espèce, cela lui paraissait absurde?	11	8	14	0	0.0	[]	0.0	0.0	0.037785588752196834	0.0	0.03889584563066271
Voltaire_Micromegas	185	Mais, dit le sirien, vous avez cru tout à l' heure qu' ils faisaient l' amour, est-ce que vous croyez qu' on puisse faire l' amour sans penser et sans proférer quelque parole, ou du moins sans se faire entendre.	11	9	41	0	0.0	[]	0.0	0.0	0.037785588752196834	0.0	0.03889584563066271
Voltaire_Micromegas	186	Supposez-vous d' ailleurs qu' il soit plus difficile de produire un argument qu' un enfant?	11	10	16	0	0.0	[]	0.014492753623188406	0.014492753623188406	0.037785588752196834	0.0	0.03889584563066271
Voltaire_Micromegas	187	Pour moi, l' un et l' autre me paraissent de grands mystéres.	11	11	12	1	0.0833333333333333	[['grand']]	0.022222222222222223	0.022222222222222223	0.037785588752196834	0.0	0.03889584563066271
Voltaire_Micromegas	188	Je n' ose plus ni croire, ni nier, dit le nain, je n' ai plus d' opinion.	11	12	17	0	0.0	[]	0.02564102564102564	0.02564102564102564	0.037785588752196834	0.0	0.03889584563066271
Voltaire_Micromegas	189	Il faut tâcher d' examiner ces insectes, nous raisonnerons après.	11	13	10	0	0.0	[]	0.078125	0.078125	0.037785588752196834	0.0	0.03889584563066271
Voltaire_Micromegas	190	C' est fort bien dit, reprit Micromégas, et aussi-tôt il tira une paire de ciseaux dont il se coupa les ongles, et d' une rognure de l' ongle de son pouce il fit sur le champ une espèce de grande trompéte parlante comme un vaste entonnoir, dont il mit le tuyau dans sonoreille, la circonférence de l' entonnoir envelopait le vaisseau et tout l' équipage, la voix la plus faible entrait dans les fibres circulaires de l' ongle, de sorte que grâce à son industrie, le philosophe de là haut entendit parfaitement le bourdonnement de nos insectes de là bas;	11	14	101	10	0.099009900990099	[['fort'], ['ongle'], ['ongle'], ['pouce'], ['grand'], ['vaste'], ['voix'], ['faible'], ['ongle'], ['haut']]	0.07874015748031496	0.07874015748031496	0.037785588752196834	0.0	0.03889584563066271
Voltaire_Micromegas	191	en peu d' heures il parvint à distinguer les paroles, et enfin à entendre le français;	11	15	16	0	0.0	[]	0.07874015748031496	0.07874015748031496	0.037785588752196834	0.0	0.03889584563066271
Voltaire_Micromegas	192	le nain en fit autant quoiqu' avec plus de difficulté.	11	16	10	0	0.0	[]	0.0	0.0	0.037785588752196834	0.0	0.03889584563066271
Voltaire_Micromegas	193	L' étonnement des voyageurs redoublait à chaque instant, ils entendaient parler des mites d' assez bon sens, ce jeu de la nature leur paraissait inexplicable.	11	17	25	0	0.0	[]	0.0136986301369863	0.0136986301369863	0.037785588752196834	0.0	0.03889584563066271
Voltaire_Micromegas	194	Vous croyez bien que le sirien et son nain brûlaient d' impatience de lier conversation avec les atômes, il craignait que sa voix de tonnerre, et surtout celle de Micromégas n' assourdit les mites sans en être entendue.	11	18	38	1	0.0263157894736842	[['voix']]	0.05555555555555555	0.05555555555555555	0.037785588752196834	0.0	0.03889584563066271
Voltaire_Micromegas	195	Il fallait en diminuer la force, ils se mirent dans la bouche des espèces de petits curredents, dont le bout fort effilé venait donner auprès du vaisseau.	11	19	27	4	0.1481481481481481	[['bouche'], ['petit'], ['fort'], ['effiler']]	0.08653846153846154	0.08653846153846154	0.037785588752196834	0.0	0.03889584563066271
Voltaire_Micromegas	196	Le sirien tenait le nain sur ses genoux, et le vaisseau avec l' équipage sur son ongle, il baissait la tête et parlait bas, enfin moyennant toutes ces précautions, et bien d' autres encore, il commença ainsi son discours;	11	20	39	4	0.1025641025641025	[['genou'], ['ongle'], ['tête'], ['bas']]	0.12162162162162163	0.12162162162162163	0.037785588752196834	0.0	0.03889584563066271
Voltaire_Micromegas	197	insectes invisibles que la main du créateur s	11	21	8	1	0.125	[['main']]	0.08	0.08	0.037785588752196834	0.0	0.03889584563066271
Voltaire_Micromegas	198	' est plu à faire naitre dans l' abisme de l' infiniment petit, je le remercie de ce qu' il a daigné me découvrir des sécrets qui semblaient impénétrables;	11	22	28	1	0.0357142857142857	[['petit']]	0.034482758620689655	0.034482758620689655	0.037785588752196834	0.0	0.03889584563066271
Voltaire_Micromegas	199	peut être ne daignerait on pas vous regarder à ma cour, mais je ne méprise personne, et je vous offre ma protection.	11	23	22	0	0.0	[]	0.015151515151515152	0.015151515151515152	0.037785588752196834	0.0	0.03889584563066271
Voltaire_Micromegas	200	Si jamais il y eut quelqu' un d' étonné, ce furent les gensqui entendirent ces paroles	11	24	16	0	0.0	[]	0.0	0.0	0.037785588752196834	0.0	0.03889584563066271
Voltaire_Micromegas	201	, ils ne pouvaient deviner d' où elles partaient.	11	25	8	0	0.0	[]	0.0	0.0	0.037785588752196834	0.0	0.03889584563066271
Voltaire_Micromegas	202	L' aumonier du vaisseau récita les priéres des exorcismes, les matelots jurerent, et les philosophes du vaisseau firent des systèmes, mais quelque système qu' ils fissent ils ne purent jamais deviner qui leur parlait.	11	26	34	0	0.0	[]	0.02666666666666667	0.02666666666666667	0.037785588752196834	0.0	0.03889584563066271
Voltaire_Micromegas	203	Le nain de Saturne qui avait la voix plus douce que Micromégas, leur avait appris alors en peu de mots à quelles espèces ils avaient affaire, il leur raconta le voyage de Saturne;	11	27	33	2	0.0606060606060606	[['voix'], ['douce']]	0.02912621359223301	0.02912621359223301	0.037785588752196834	0.0	0.03889584563066271
Voltaire_Micromegas	204	les mit au fait de ce qu' était M Micromégas; et après les avoir plaint d' être si petits, il leur demanda s' ils avaient toujours été dans ce misérable état si voisin de l' anéantissement;	11	28	36	1	0.0277777777777777	[['petit']]	0.0297029702970297	0.0297029702970297	0.037785588752196834	0.0	0.03889584563066271
Voltaire_Micromegas	205	ce qu' ils faisaient dans un globe qui paraissait apartenir à des baleines, s' ils étaient heureux, s' ils multipliaient, s' ils avaient une âme, et cent autres questions de cette nature.	11	29	32	0	0.0	[]	0.021897810218978103	0.021897810218978103	0.037785588752196834	0.0	0.03889584563066271
Voltaire_Micromegas	206	Un raisonneur de la troupe plus hardi que les autres, et choqué de ce qu' on doutait de son âme, observa l' interlocuteur avec des pinules braquées sur un quart de cercle, fit deux stations et à la troisième il parla ainsi: vous croyez donc, monsieur, que parce que vous avez mille toises depuis la tête jusqu' aux pieds, que vous êtes un... mille toises, s' écria le nain;	11	30	69	2	0.0289855072463768	[['tête'], ['pied']]	0.01818181818181818	0.01818181818181818	0.037785588752196834	0.0	0.03889584563066271
Voltaire_Micromegas	207	juste ciel, d' où peut-il savoir ma hauteur?	11	31	9	0	0.0	[]	0.025	0.025	0.037785588752196834	0.0	0.03889584563066271
Voltaire_Micromegas	208	Mille toises!	11	32	2	0	0.0	[]	0.0	0.0	0.037785588752196834	0.0	0.03889584563066271
Voltaire_Micromegas	209	Il ne se trompe pas d' un pouce.	11	33	8	0	0.0	[]	0.0	0.0	0.037785588752196834	0.0	0.03889584563066271
Voltaire_Micromegas	210	Quoi cet atome m' a mésuré?	11	34	6	0	0.0	[]	0.0	0.0	0.037785588752196834	0.0	0.03889584563066271
Voltaire_Micromegas	211	Il est géometre, il connait ma grandeur, et moi qui ne le vois qu' à travers un microscope, je ne connais pas encore la sienne?	11	35	25	0	0.0	[]	0.017241379310344827	0.017241379310344827	0.037785588752196834	0.0	0.03889584563066271
Voltaire_Micromegas	212	Oui, je vous ai mésuré, dit le physicien, et je mésurerai bien encore votre grand compagnon, la proposition fut acceptée, son excellence se coucha de son long;	11	36	27	1	0.037037037037037	[['grand']]	0.045454545454545456	0.045454545454545456	0.037785588752196834	0.0	0.03889584563066271
Voltaire_Micromegas	213	car s' il se fut tenu debout, sa tête eût été trop au dessus des nuages, nos philosophes lui planterent un grand arbre dans un endroit que le docteur Swift nommeroit,mais que je me garderai bien d' appeler par son nom à cause de mon grand respect pour les dames, puis par une suite de triangles liés ensemble ils conclurent que ce qu' ils voyaient était en effet un beau jeune homme de cent vingt mille pieds de roy.	11	37	80	5	0.0625	[['tête'], ['grand'], ['grand'], ['beau'], ['pied']]	0.0546875	0.0546875	0.037785588752196834	0.0	0.03889584563066271
Voltaire_Micromegas	214	Alors Micromégas prononça ces paroles: je vois plus que jamais qu' il ne faut juger de rien sur sa grandeur apparente.	11	38	21	1	0.0476190476190476	[['prononcer']]	0.05825242718446602	0.05825242718446602	0.037785588752196834	0.0	0.03889584563066271
Voltaire_Micromegas	215	ô dieu!	11	39	2	0	0.0	[]	0.043478260869565216	0.043478260869565216	0.037785588752196834	0.0	0.03889584563066271
Voltaire_Micromegas	216	Qui avez donné une intelligence à des substances qui paraissent si méprisables, l' infiniment petit vous coûte aussi peu que l' infiniment grand;	11	40	23	1	0.0434782608695652	[['petit']]	0.06666666666666667	0.06666666666666667	0.037785588752196834	0.0	0.03889584563066271
Voltaire_Micromegas	217	et s' il est possible qu' il y ait des êtres plus petits que ceux-ci, ils peuvent encore avoir un esprit superieur à ceux de ces superbes animaux que j' ai vu dans le ciel, dont le pied seul est plus grand que le globe où je suis descendu.	11	41	50	4	0.08	[['petit'], ['superbe'], ['pied'], ['grand']]	0.06060606060606061	0.06060606060606061	0.037785588752196834	0.0	0.03889584563066271
Voltaire_Micromegas	218	Un des philosophes lui répondit qu' il pouvait en toute sûreté croire qu' il est en effet des êtres intelligens beaucoup plus petits que l' homme;	11	42	26	1	0.0384615384615384	[['petit']]	0.04854368932038835	0.04854368932038835	0.037785588752196834	0.0	0.03889584563066271
Voltaire_Micromegas	219	il lui conta, non pas ce que Virgile a dit de fabuleux sur les abeilles, mais ce que Swammerdam a découvert, et ce que Réaumur a dissequé.	11	43	27	0	0.0	[]	0.02727272727272727	0.02727272727272727	0.037785588752196834	0.0	0.03889584563066271
Voltaire_Micromegas	220	Il lui aprit enfin qu' il y a des animaux qui sont pour les abeilles ce que les abeilles sont pour l' homme, ce que le sirien luimême était pour ces animaux si vastes dont il parlait, et ce que ces grands animaux sont pour d' autres substances devant lesquelles ils ne paraissent que comme des atomes.	11	44	57	2	0.0350877192982456	[['vaste'], ['grand']]	0.02127659574468085	0.02127659574468085	0.037785588752196834	0.0	0.03889584563066271
Voltaire_Micromegas	221	Peu après la conversation devint intéressante, et Micromégas parla ainsi.	11	45	10	0	0.0	[]	0.029850746268656716	0.025974025974025976	0.037785588752196834	0.0	0.03889584563066271
Voltaire_Micromegas	222	CHAPITRE 7 conversation de ces deux êtres avec des hommes.	12	0	10	0	0.0	[]	0.0	0.0	0.0	0.0	0.0
Voltaire_Micromegas	223	ô atomes intelligens!	13	0	3	0	0.0	[]	0.0	0.0	0.025802391441157962	0.0	0.03886684108276334
Voltaire_Micromegas	224	Dans qui l' être éternel semble s' être plu à manifester son adresse et sa puissance;	13	1	16	0	0.0	[]	0.03225806451612903	0.03225806451612903	0.025802391441157962	0.0	0.03886684108276334
Voltaire_Micromegas	225	vous devez sans doute goûter des joies bien pures sur votre globe;	13	2	12	1	0.0833333333333333	[['pur']]	0.01818181818181818	0.01818181818181818	0.025802391441157962	0.0	0.03886684108276334
Voltaire_Micromegas	226	car ayant si peu de matière, et paraissant tout esprit, vous devez passer votre vie à aimer et à penser, c' est la véritable vie des esprits.	13	3	27	0	0.0	[]	0.018518518518518517	0.018518518518518517	0.025802391441157962	0.0	0.03886684108276334
Voltaire_Micromegas	227	Je n' ai vu nulle part le vrai bonheur, mais il est ici sans doute.	13	4	15	0	0.0	[]	0.03296703296703297	0.03296703296703297	0.025802391441157962	0.0	0.03886684108276334
Voltaire_Micromegas	228	à ce discours tous les philosophes sécouerent la tête, et l' un d' eux plus franc que les autres avoua de bonne foi que si l' on en excepte un petit nombre d' habitants fort peu considerés, le reste est un assemblage de foux, de méchant et de malheureux;	13	5	49	3	0.0612244897959183	[['tête'], ['petit'], ['fort']]	0.030303030303030304	0.030303030303030304	0.025802391441157962	0.0	0.03886684108276334
Voltaire_Micromegas	229	nous avons plus de matière qu' il nous en faut, dit-il, pour faire beaucoup de mal, si le mal vient de la matière, et trop d' esprit si le mal vient de l' esprit.	13	6	35	0	0.0	[]	0.024193548387096774	0.024193548387096774	0.025802391441157962	0.0	0.03886684108276334
Voltaire_Micromegas	230	Sçavez-vous bien par exemple, qu' à l' heure que je vous parle, il y a cent mille foux de notre espèce couverts de chapeaux, qui tuent cent mille animaux couverts d' un turban, ou qui sont massacrés par eux;	13	7	40	0	0.0	[]	0.0	0.0	0.025802391441157962	0.0	0.03886684108276334
Voltaire_Micromegas	231	et presque par toute la terre c' est ainsi que l' on en use de temps immémorial.	13	8	17	0	0.0	[]	0.0	0.0	0.025802391441157962	0.0	0.03886684108276334
Voltaire_Micromegas	232	Le sirien frémit, et demanda quel pouvait être le sujet de ces horribles querelles entre de si chétifs animaux.	13	9	19	0	0.0	[]	0.0136986301369863	0.0136986301369863	0.025802391441157962	0.0	0.03886684108276334
Voltaire_Micromegas	233	Il s' agit, dit le philosophe, de quelque tas de boue, grand comme votre talon, mais ce n' est pasqu' aucun de ces milions d' hommes qui se font égorger prétendent un fétu sur ce tas boue.	13	10	37	1	0.027027027027027	[['grand']]	0.01652892561983471	0.01652892561983471	0.025802391441157962	0.0	0.03886684108276334
Voltaire_Micromegas	234	Il ne s' agit que de savoir s' il appartiendra à un certain homme qu' on nomme sultan, ou à un autre qu' on nomme César, ni l' un ni l' autre ne verra jamais le petit coin de terre dont il s' agit, et presque aucun de ces animaux qui s' égorgent mutuellement n' a jamais vu l' animal pour lequel ils s' égorgent.	13	11	65	1	0.0153846153846153	[['petit']]	0.01818181818181818	0.01818181818181818	0.025802391441157962	0.0	0.03886684108276334
Voltaire_Micromegas	235	Ah malheureux, s' écria le sirien avec indignation!	13	12	8	0	0.0	[]	0.012345679012345678	0.012345679012345678	0.025802391441157962	0.0	0.03886684108276334
Voltaire_Micromegas	236	Peut-on concevoir cet excès de rage forcenée?	13	13	8	0	0.0	[]	0.05405405405405406	0.05405405405405406	0.025802391441157962	0.0	0.03886684108276334
Voltaire_Micromegas	237	Il me prend envie de faire trois pas, et d' écraser de trois coups de pieds cette fourmilliére d' assassins ridicules.	13	14	21	2	0.0952380952380952	[['écraser'], ['pied']]	0.044444444444444446	0.044444444444444446	0.025802391441157962	0.0	0.03886684108276334
Voltaire_Micromegas	238	Ne vous en donnez pas la peine, lui répondit-on, ils travaillent assez à leur ruine;	13	15	16	0	0.0	[]	0.037037037037037035	0.037037037037037035	0.025802391441157962	0.0	0.03886684108276334
Voltaire_Micromegas	239	sçachez qu' au bout de dix ans, il ne reste jamais la centiéme partie de ces misérables;	13	16	17	0	0.0	[]	0.010101010101010102	0.010101010101010102	0.025802391441157962	0.0	0.03886684108276334
Voltaire_Micromegas	240	sçachez que quand même ils n' auraient pas tiré l' épée, la faim, la fatigue, ou l' intempérance, les emportent presque tous, d' ailleurs ce n' est pas eux qu' il faut punir, ce sont ces barbares sédentaires, qui du fond de leur cabinet ordonnent dans le temps de leur digestion le massacre d' un milion d' hommes, et qui ensuite en font remercier Dieu solennellement.	13	17	66	1	0.0151515151515151	[['éper']]	0.02912621359223301	0.02912621359223301	0.025802391441157962	0.0	0.03886684108276334
Voltaire_Micromegas	241	Le voyageur se sentait ému de pitié pour la petite race humaine, dans laquelle il découvrait de si étonnant contrastes.	13	18	20	2	0.1	[['émouvoir'], ['petit']]	0.03333333333333333	0.03333333333333333	0.025802391441157962	0.0	0.03886684108276334
Voltaire_Micromegas	242	Puisque vous êtes du petit nombre des sages, dit il, à ces messieurs, et qu' apparemment vous ne tuez personne pour de l' argent: dites-moi, je vous prie, à quoi vous vous occupez?	13	19	34	1	0.0294117647058823	[['petit']]	0.046153846153846156	0.046153846153846156	0.025802391441157962	0.0	0.03886684108276334
Voltaire_Micromegas	243	Nous disséquons des mouches, dit le philosophe,nous mésurons des lignes;	13	20	11	0	0.0	[]	0.02040816326530612	0.02040816326530612	0.025802391441157962	0.0	0.03886684108276334
Voltaire_Micromegas	244	nous assemblons des nombres;	13	21	4	0	0.0	[]	0.0	0.0	0.025802391441157962	0.0	0.03886684108276334
Voltaire_Micromegas	245	nous sommes d' accord sur deux ou trois points que nous entendons, et nous disputons sur deux ou trois mille que nous n' entendons pas.	13	22	25	0	0.0	[]	0.0	0.0	0.025802391441157962	0.0	0.03886684108276334
Voltaire_Micromegas	246	Il prit aussi-tôt fantaisie au sirien et au saturnien d' interroger les atomes pensant pour voir les choses dont ils convenaient.	13	23	22	0	0.0	[]	0.015625	0.015625	0.025802391441157962	0.0	0.03886684108276334
Voltaire_Micromegas	247	Combien comptez-vous, dit-il, de l' étoile de la canicule à la grande étoile des gémeaux?	13	24	17	1	0.0588235294117647	[['grand']]	0.02040816326530612	0.02040816326530612	0.025802391441157962	0.0	0.03886684108276334
Voltaire_Micromegas	248	Ils répondirent tous à la fois trente-deux degrés et demie.	13	25	10	0	0.0	[]	0.02857142857142857	0.02857142857142857	0.025802391441157962	0.0	0.03886684108276334
Voltaire_Micromegas	249	Combien comptez-vous d' ici à la lune?	13	26	8	0	0.0	[]	0.0	0.0	0.025802391441157962	0.0	0.03886684108276334
Voltaire_Micromegas	250	Soixante demie diamétres de la terre en nombres ronds.	13	27	9	0	0.0	[]	0.0	0.0	0.025802391441157962	0.0	0.03886684108276334
Voltaire_Micromegas	251	Combien pése votre air?	13	28	4	0	0.0	[]	0.0	0.0	0.025802391441157962	0.0	0.03886684108276334
Voltaire_Micromegas	252	Il croyait les effrayer.	13	29	4	0	0.0	[]	0.0	0.0	0.025802391441157962	0.0	0.03886684108276334
Voltaire_Micromegas	253	Mais tous lui dirent que l' air pése environ neuf cens fois moins que l' or ducat.	13	30	17	0	0.0	[]	0.0196078431372549	0.0196078431372549	0.025802391441157962	0.0	0.03886684108276334
Voltaire_Micromegas	254	Le petit nain de Saturne étonné de leurs réponses, fut tenté de prendre pour des sorciers ces mêmes gens auxquels il avait réfusé une âme un quart-d' heure auparavant.	13	31	30	1	0.0333333333333333	[['petit']]	0.013513513513513514	0.013513513513513514	0.025802391441157962	0.0	0.03886684108276334
Voltaire_Micromegas	255	Enfin Micromégas leur dit: puisque vous savez si bien ce qui est hors de vous, sans doute que vous savez encore mieux ce qui est en dedans;	13	32	27	0	0.0	[]	0.013888888888888888	0.013888888888888888	0.025802391441157962	0.0	0.03886684108276334
Voltaire_Micromegas	256	dites-moi ce que c' est que votre âme, et comme vous formez vos idées.	13	33	15	0	0.0	[]	0.0	0.0	0.025802391441157962	0.0	0.03886684108276334
Voltaire_Micromegas	257	Les philosophes parlèrent tous à la fois comme auparavant;	13	34	9	0	0.0	[]	0.0	0.0	0.025802391441157962	0.0	0.03886684108276334
Voltaire_Micromegas	258	mais ils furent tous de différent avis.	13	35	7	0	0.0	[]	0.047619047619047616	0.047619047619047616	0.025802391441157962	0.0	0.03886684108276334
Voltaire_Micromegas	259	Le plus vieux citoit Aristote;	13	36	5	1	0.2	[['vieux']]	0.047619047619047616	0.047619047619047616	0.025802391441157962	0.0	0.03886684108276334
Voltaire_Micromegas	260	l' autre prononçait le nom de Descartes, celui-ci deMalbranche;	13	37	9	0	0.0	[]	0.045454545454545456	0.045454545454545456	0.025802391441157962	0.0	0.03886684108276334
Voltaire_Micromegas	261	cet autre de Leibnitz, cet autre de Loke.	13	38	8	0	0.0	[]	0.044444444444444446	0.044444444444444446	0.025802391441157962	0.0	0.03886684108276334
Voltaire_Micromegas	262	Un vieux péripaticien dit tout haut avec confiance: l' âme est une entéléchie et une raison par qui elle a la puissance d' être ce qu' elle est;	13	39	28	2	0.0714285714285714	[['vieux'], ['haut']]	0.044444444444444446	0.044444444444444446	0.025802391441157962	0.0	0.03886684108276334
Voltaire_Micromegas	263	c' est ce que déclare expressement Aristote, p 633.	13	40	9	0	0.0	[]	0.047619047619047616	0.047619047619047616	0.025802391441157962	0.0	0.03886684108276334
Voltaire_Micromegas	264	De l' édition du louvre.	13	41	5	0	0.0	[]	0.0	0.0	0.025802391441157962	0.0	0.03886684108276334
Voltaire_Micromegas	265	Il voulut citer le passage;	13	42	5	0	0.0	[]	0.0	0.0	0.025802391441157962	0.0	0.03886684108276334
Voltaire_Micromegas	266	ce n' est pas la peine, dit le géant, je n' entends pas trop bien le grec.	13	43	17	0	0.0	[]	0.0	0.0	0.025802391441157962	0.0	0.03886684108276334
Voltaire_Micromegas	267	Ni moi non plus, dit la mite philosophique.	13	44	8	0	0.0	[]	0.0	0.0	0.025802391441157962	0.0	0.03886684108276334
Voltaire_Micromegas	268	Pourquoi donc, réprit le sirien, citez-vous un certain Aristote en grec?	13	45	12	0	0.0	[]	0.0	0.0	0.025802391441157962	0.0	0.03886684108276334
Voltaire_Micromegas	269	C' est, répliqua le savant, qu' il faut bien citer ce qu' on ne comprend pas du tout dans la langue que l' on entend le moins.	13	46	27	0	0.0	[]	0.020833333333333332	0.020833333333333332	0.025802391441157962	0.0	0.03886684108276334
Voltaire_Micromegas	270	Le cartésien prit la parole, et dit: l' âme est un esprit pur qui a reçu dans le ventre de sa mére toutes les idées méthaphisiques, et qui en partant de-là est obligé d' aller à l' école et d' apprendre tout de nouveau ce qu' elle a si bien su, et qu' elle ne saura plus.	13	47	57	2	0.0350877192982456	[['pur'], ['ventre']]	0.049586776859504134	0.049586776859504134	0.025802391441157962	0.0	0.03886684108276334
Voltaire_Micromegas	271	Ce n' était donc pas la peine répondit l' animal de huit lieues, que ton âme fut si sçavante dans le ventre de ta mére, pour être si ignorante quand tu aurois de la barbe au menton;	13	48	37	4	0.1081081081081081	[['ton'], ['ventre'], ['ton'], ['barbe']]	0.06	0.06	0.025802391441157962	0.0	0.03886684108276334
Voltaire_Micromegas	272	mais qu' entends-tu par esprit.	13	49	6	0	0.0	[]	0.06896551724137931	0.06896551724137931	0.025802391441157962	0.0	0.03886684108276334
Voltaire_Micromegas	273	Que me demandez-vous-là, dit le raisonneur, je n' en ai pas d' idée	13	50	15	0	0.0	[]	0.0	0.0	0.025802391441157962	0.0	0.03886684108276334
Voltaire_Micromegas	274	, on dit que ce n' est pas la matière.	13	51	9	0	0.0	[]	0.0	0.0	0.025802391441157962	0.0	0.03886684108276334
Voltaire_Micromegas	275	Mais sais	13	52	2	0	0.0	[]	0.0	0.0	0.025802391441157962	0.0	0.03886684108276334
Voltaire_Micromegas	276	-tuau moins	13	53	2	0	0.0	[]	0.0	0.0	0.025802391441157962	0.0	0.03886684108276334
Voltaire_Micromegas	277	ce que c' est que la matière.	13	54	7	0	0.0	[]	0.0	0.0	0.025802391441157962	0.0	0.03886684108276334
Voltaire_Micromegas	278	Très bien, lui répondit l' homme, par exemple, cette pierre est grise, est d' une telle forme, a ses trois dimensions, elle est pésante et divisible.	13	55	26	0	0.0	[]	0.017857142857142856	0.017857142857142856	0.025802391441157962	0.0	0.03886684108276334
Voltaire_Micromegas	279	Hé bien, dit le sirien, cette chose qui te parait être divisible, pésante et grise, me dirais-tu bien ce que c' est?	13	56	23	1	0.0434782608695652	[['gris']]	0.016129032258064516	0.016129032258064516	0.025802391441157962	0.0	0.03886684108276334
Voltaire_Micromegas	280	Tu vois quelques attributs, mais le fond de la chose le connais-tu.	13	57	13	0	0.0	[]	0.025	0.025	0.025802391441157962	0.0	0.03886684108276334
Voltaire_Micromegas	281	Non, dit l' autre.	13	58	4	0	0.0	[]	0.0	0.0	0.025802391441157962	0.0	0.03886684108276334
Voltaire_Micromegas	282	Tu ne sais donc pas ce que c' est que la matière.	13	59	12	0	0.0	[]	0.021739130434782608	0.021739130434782608	0.025802391441157962	0.0	0.03886684108276334
Voltaire_Micromegas	283	Alors M Micromégas adressant la parole à un autre sage qu' il tenait sur son pouce, lui demanda ce que c' était que son âme, et ce qu' elle faisait.	13	60	30	1	0.0333333333333333	[['pouce']]	0.02040816326530612	0.02040816326530612	0.025802391441157962	0.0	0.03886684108276334
Voltaire_Micromegas	284	Rien du tout, dit le philosophe malbranchiste;	13	61	7	0	0.0	[]	0.022222222222222223	0.022222222222222223	0.025802391441157962	0.0	0.03886684108276334
Voltaire_Micromegas	285	c' est Dieu qui fait tout pour moi.	13	62	8	0	0.0	[]	0.0	0.0	0.025802391441157962	0.0	0.03886684108276334
Voltaire_Micromegas	286	Je vois tout en lui, je fais tout en lui, c' est lui qui fait tout sans que je m' en mêle.	13	63	22	0	0.0	[]	0.017543859649122806	0.017543859649122806	0.025802391441157962	0.0	0.03886684108276334
Voltaire_Micromegas	287	Autant vaudrait ne pas être, reprit le sage de Syrius; et toi, mon ami, dit-il, à un leibnitien qui était là, qu' est-ce ton âme?	13	64	27	1	0.037037037037037	[['ton']]	0.05154639175257732	0.05154639175257732	0.025802391441157962	0.0	0.03886684108276334
Voltaire_Micromegas	288	C' est, répondit le leibnitien, une aiguille qui montre les heures pendant que mon corps carillonne; ou bien si vous voulez mon corps montre l' heure, ou bien mon âme est le miroir de l' univers, et mon corps est la bordure du miroir, tout cela est clair.	13	65	48	4	0.0833333333333333	[['pendant'], ['corps'], ['corps'], ['corps']]	0.05084745762711865	0.05084745762711865	0.025802391441157962	0.0	0.03886684108276334
Voltaire_Micromegas	289	Un petit partisan de Loke était là tout auprès, et quand on lui eut enfin adressé la parole, je ne sais pas, dit il, comment je pense, mais je sçai que je n' ai jamais pensé qu' à l' occasion de mes sens;	13	66	43	1	0.0232558139534883	[['petit']]	0.0390625	0.0390625	0.025802391441157962	0.0	0.03886684108276334
Voltaire_Micromegas	290	qu' il y ait des substances immaterielles et intelligentes, c' est de quoi je ne doute pas, mais qu' il soitimpossible à Dieu de communiquer la pensée à la matière, c' est de quoi je doute fort.	13	67	37	0	0.0	[]	0.011764705882352941	0.011764705882352941	0.025802391441157962	0.0	0.03886684108276334
Voltaire_Micromegas	291	Je revére la puissance éternelle;	13	68	5	0	0.0	[]	0.0	0.0	0.025802391441157962	0.0	0.03886684108276334
Voltaire_Micromegas	292	il ne m' appartient pas de la borner;	13	69	8	0	0.0	[]	0.0	0.0	0.025802391441157962	0.0	0.03886684108276334
Voltaire_Micromegas	293	je n' affirme rien, je me contente de croire qu' il y a plus de choses possibles qu' on ne pense.	13	70	21	0	0.0	[]	0.012345679012345678	0.012345679012345678	0.025802391441157962	0.0	0.03886684108276334
Voltaire_Micromegas	294	L' animal de Sirius sourit, il ne trouva pas celui-là le moins sage, et le nain de Saturne aurait embrassé le sectateur de Loke sans l' extrême disproportion: mais il y avait là par malheur un petit animalcule en bonnet quarré qui coupa la parole à tous les autres animalcules philosophes;	13	71	52	1	0.0192307692307692	[['petit']]	0.010869565217391304	0.010869565217391304	0.025802391441157962	0.0	0.03886684108276334
Voltaire_Micromegas	295	il dit qu' il savait tout le sécret, que tout cela se trouvait dans la somme de saint Thomas;	13	72	19	0	0.0	[]	0.04	0.04	0.025802391441157962	0.0	0.03886684108276334
Voltaire_Micromegas	296	il regarda de haut en bas les deux habitants célestes, il leur soutint que leurs personnes, leurs mondes, leurs soleils, leurs étoiles, tout était fait uniquement pour l' homme.	13	73	29	3	0.1034482758620689	[['haut'], ['bas'], ['céleste']]	0.05263157894736842	0.05263157894736842	0.025802391441157962	0.0	0.03886684108276334
Voltaire_Micromegas	297	à ce discours nos deux voyageurs se laissèrent aller l' un sur l' autre en étouffant de ce rire inextinguible, qui selon Homére est le partage des dieux; et dans ces convulsions le vaisseau que le syrien avait sur son ongle tomba dans la poche du saturnien;	13	74	47	2	0.0425531914893617	[['inextinguible'], ['ongle']]	0.06451612903225806	0.06451612903225806	0.025802391441157962	0.0	0.03886684108276334
Voltaire_Micromegas	298	ces deux bonnes gens le cherchèrent longtemps, enfin ils trouvèrent l' équipage, ils le rajusterent fort proprement.	13	75	17	1	0.0588235294117647	[['fort']]	0.05714285714285714	0.05714285714285714	0.025802391441157962	0.0	0.03886684108276334
Voltaire_Micromegas	299	Le syrien reprit les petites mites	13	76	6	1	0.1666666666666666	[['petit']]	0.058823529411764705	0.058823529411764705	0.025802391441157962	0.0	0.03886684108276334
Voltaire_Micromegas	300	, leur parla encore, et leur promit de leur faire un beau livre de philosophie,qui leur apprendrait des choses admirables et qui leur montreroit le bon des choses.	13	77	28	1	0.0357142857142857	[['beau']]	0.03773584905660377	0.03773584905660377	0.025802391441157962	0.0	0.03886684108276334
Voltaire_Micromegas	301	Effectivement il leur donna ce livre avant son départ: on le porta à Paris à l' académie des sciences;	13	78	19	0	0.0	[]	0.03125	0.03125	0.025802391441157962	0.0	0.03886684108276334
Voltaire_Micromegas	302	mais quand le vieux sécretaire l' eut ouvert il ne vit rien qu' un livre tout blanc.	13	79	17	1	0.0588235294117647	[['vieux']]	0.02702702702702703	0.02702702702702703	0.025802391441157962	0.0	0.03886684108276334
Voltaire_Micromegas	303	Ah!	13	80	1	0	0.0	[]	0.038461538461538464	0.038461538461538464	0.025802391441157962	0.0	0.03886684108276334
Voltaire_Micromegas	304	Dit-il, je m' en étais bien douté.	13	81	8	0	0.0	[]	0.0	0.0	0.025802391441157962	0.0	0.03886684108276334
