corps;;;crâne;;;tête;;;front;;;oeil;;;cils/sourcils;;;cheveux;;;joue;;;oreille;;;bouche;;;nez;;;menton;;;cou;;;épaule;;;buste;;;dos;;;hanches;;;ventre;;;membres;;;bras;;;main;;;doigt;;;jambe;;;fesses;;;pied;;;peau;;;carnation;;;voix;;
synonymes;adjectifs;argot;synonymes;adjectifs;argot;synonymes;adjectifs;argot;synonymes;adjectifs;argot;synonymes;adjectifs;argot;synonymes;adjectifs;argot;synonymes;adjectifs;argot;synonymes;adjectifs;argot;synonymes;adjectifs;argot;synonymes;adjectifs;argot;synonymes;adjectifs;argot;synonymes;adjectifs;argot;synonymes;adjectifs;argot;synonymes;adjectifs;argot;synonymes;adjectifs;argot;synonymes;adjectifs;argot;synonymes;adjectifs;argot;synonymes;adjectifs;argot;synonymes;adjectifs;argot;synonymes;adjectifs;argot;synonymes;adjectifs;argot;synonymes;adjectifs;argot;synonymes;adjectifs;argot;synonymes;adjectifs;argot;synonymes;adjectifs;argot;synonymes;adjectifs;argot;synonymes;adjectifs;argot;synonymes;adjectifs;argot
corps (18 B);déformé (B);châssis;crâne (18 B);abattu (18 B);cervelle (18 B);tête (18 B);âpre (B);cabèche;front (18 B);âpre (B);;oeil (18 B);blanc (B);billes;cils (18 B);abaissé (B);;cheveux (18 B);à l'anglaise (B);crin;bajoue;coloré (18 B);;oreille;immenses;esgourdes;bouche (18 B);amer (18 B);bec (18 B);narines (18 B);aquilin (18 B);blair;menton (18 B);arrondi (18);;cou (18 B);allongé (18 B);;épaule (18 B);à l'avenant (B);;buste (18 B);athlétique (B);coffre;dos (18 B);blanc (B);;hanches (18 B);délicates (B);;ventre (18 B);affamé (B);bedaine (18);membre (18 B);;patte (18 B);bras (18 B);amaigri (B);;main (18 B);beau (18 B);menotte (18);doigt (18 B);effilé;;cheville (18 B);charnu (B);cuissot;fesses (18);blanche (18);arrière-train;orteil (18 );agile (B);arpion;dépouille (18 B);aride (18 B);couenne;carnation (18 B);albâtre (18 );;accent (18 B);aigre (18 B);
allure (18 B);droit (B);;figure (18 B);agréable (18 B);;balafre (18 B);altier (18 B);caboche (18 B);;baissé (B);;cerne;bleu (18 B);;barbe (18 B);arqués (18 B);;boucles (18 B);abondant (B);tifs;joue (18 B);creusé (18 B);;lobe;;portugaises;dent (18 B);adorable (B);goule;nez (18 B);bossu;museau (18 B);fossette (B);bien rasé (B);;col (18 B);bien attaché (18 B);;aisselle (18 B);avarié (B);;coeur (18 B);beau (18 B);poitrail (B);carrure (B);cambré (18 ;;bassin;bien dessinées (B);;abdomen;arrondi (B);bide;extrémité (B);;tentacule;amaigri;agile (B);;paume (B);agité (B);paluche ;annulaire;pesant (B);;cuisse (18 B);désséché (18 );échasses;c.. (18);flétri (18 );con (18);pied (18 );bien chaussé (18 B);panard;épiderme (18 B);bistré (B);cuir;coloration (B);appauvrie (B);;rire (18 B);altéré (18 B);
cadavre (18 B);fluet (18 B);;minois (18 B);amaigri (B);;chef (B);beau (18 B);cafetière;;beau (B);;iris (B);bleuâtre (B);;collier de barbe (B);barbu (18 B);;chauve (18 B);argenté (B);tignasse;;creux (18 B);;ourlet;;;lèvre (18 B);aisé (B);gueule (18 B);;bossué (B);naseaux (B);;court (B);;encolure (18 B);blanc (18 B);;clavicule (18);belle (B);;corsage (18 B);carré (B);;chute de reins (B);carré (B);;coccyx;gracieuses (B);;bas-ventre (18);creux (B);bidon;membre inférieur;;;avant-bras (18 B);arrondi (18 );;poing (18 B);avide (18 B);patte (18 B);auriculaire;petit (B);;genou (18 B);dru (B);gambette;derrière (18 B);potelée (18);croupe (18 B);;blanc (B);peton;mulâtre (18 B);blanc (18 B);fourrure;couleur (18 B);blanc (18 B);;ton (18 B);amical (B);
carrure (B);frêle (18 B);;teint (18 B);angélique (18 );;face (18 B);blanchi (18 B);ciboulot;;bombé (B);;larme (18 B);brillant (B);;impériale (B);beau (18 B);;chevelure (18 B);blanc (18 B);;;joufflu (18 B);;;;;moue (B);appétissant (18);;;bulbeux (B);pif;;creux (B);;gorge (18 B);d'albâtre (18);;;d'albâtre (18);;décolleté (B);d'impératrice (B);;échine;développé (B);;déhanchement;grêles (B);;;de cuisinière (B);brioche;membre supérieur;;;coude (18 B);blanc (18 B);;;bien ganté (B);pince;griffe (18 );poli (B);;jambe (18 B);énorme (18);gigot;motte (18) ;ronde (18);croupion (18);;blanc veiné de bleu (B);;peau (18 B);bronzé (B);pelage;fraîcheur (18 B);couleur de brique (18 );;toux (18 B);anodin (B);
chair (18 B);gras (18 B);;tête (18 B);beau (18 B);;figure (18 B);blême (18 B);citron;;calciné (18);;orbite (18 B);brusque (18 );;moustache (18 B);blanc (18 B);;crinière (B);blond (18 B);;;mâle (B);;;;;sourire (18 B);arquée (B);;;camus (B);truffe (B);;crochu (B);;nuque (18 B);dans les épaules (B);;;fort (B);;giron (18 B);dégagé (18 B);;reins (18 B);magnifique (B);;;grosses (B);;;de député ministériel (B);panse (18 B);;;;poignet (18 B);couvert de poils (18 B);;;blanc (18 B);;index (18 B);;;mollet (18 B);fin (18);guibole/guibolle;séant (18 B);soyeux (18);cul (18);;cambré (B);;vérole (18 B);collée sur les os (B);;teint (18 );cramoisi (B);;voix (18 B);attendri (18 B);
corpulence (18 B);maigre (18 B);;visage (18 B);blanc (18 B);;jaunisse (18 B);carré (18 B);coloquinte (B);;déprimé (B);;paupière (18 B);cave (B);;sourcils (18 B);brillant (B);;perruque (18 B);brun (18 B);;;pâle (18 B);;;;;;autrichien (B);;;carré (B);;;double (B);;;de cigogne (B);;;frêle;;gorge (18 B);épais (B);;;plat (B);;;luxuriantes (B);;;énorme (B);;;;;;desséché (B);;;brûlant (18 B);;majeur;;;rotule (18);finement moulé (B);jambon;siège (18);;derche;;dédaigneux (B);;verrue (B);d'ivoire jauni (B);;teinte (18 );d'enfant (B);;;bas (18 B);
dépouille (18 B);mince (18 B);;;blême (18 B);;pâleur (18 B);creusé (B);melon (B);;dur (B);;pleurs (18 B);céleste (B);;;court (B);;système pileux;châtain (18 B);;;rebondi (18);;;;;;bien coupé (B);;;cassé à la naissance (B);;;effilé (B);;;de dindon (B);;;large (B);;maintien (18);étincelant (B);;;rembourré (B);;;nerveuses (B);;;gros (B);;;;;;dodu (18 );;;brun (B);;ongle (18 B);;;;grêle (18 );jambonneau;;;fondement (18);;déformé (B);;;délicat (18 B);;ton (18 );délicate (B);;;câlin (B);
embompoint (18 B);nerveux (18 B);;;bourgeonné (18 B);;ride (18 B);fin;;;fuyant (B);;prunelle (18 B);cerné (B);;;crasseux;;tonsure (18 B);d'argent (18);;;;;;;;;blanc (18 B);;;démesuré (18 B);;;empâté (B);;;de neige (18 B);;;nu (B);;poitrine (18 B);fine (18 B);;;solide (18 B);;;;;;impérial (B);;;;;;durci (B);;;calleux (B);;pouce (18 B);;;;nerveux (B);patte (18 B);;;lune;;espagnol (B);;;desséché (B);;;diaphane (B);;;calme (18 B);
port (18 B);sec (18 B);;;chauve (18 B);;sillon (18 B);frais (18 B);;;large (18 B);;regard (18 B);clair (B);;;de bouc (B);;tresses (18 B);d'or (B);;;;;;;;;brûlant (18 B);;;droit (B);;;en galoche (B);;;de taureau (B);;;;;posture (18 B);grande (18 );;;voûté (18 B);;;;;;menaçant (18 );;;;;;maigre (18 B);;;de fer (18 B);;;;;;rond (B);quille (B);;;motte (18);;fluet (B);;;diaphane (B);;;étincelant;;;cassée (B);
stature (18 B);svelte (18 B);;;chiffonné (18 );;;gros (B);;;magnifique (B);;yeux (18 B);en amande (B);;;de sapeur (18 B);;toison (18 ;doré (B);;;;;;;;;charmant (18 B);;;écrasé (18 B);;;fin (B);;;faiblement azuré (B);;;;;sein (18 B);large (18 B);;;;;;;;;plein (18 B);;;;;;nerveux (18 B);;;débile (B);;;;;;saillant (B);;;;pétard;;grand (B);;;doux (18 B);;;fiévreux (B);;;chevrotant (B);
;trapu (18 B);;;décharné (18);;;haut (18 B);;;neigeux (B);;;enchâssés (B);;;en éventail (B);;;ébène (18 B);;;;;;;;;contourné (B);;;en vrille (B);;;grand (B);;;flexible (B);;;;;taille (18 B);magnifique (B);;;;;;;;;pointu (B);;;;;;nu (18 B);;;décharné (18 B);;;;;;sec (B);;;;popotin;;gras (B);;;fin (18 B);;;fin (B);;;consolant (B);
;vieux (18 B);;;décomposé (18 B);;;incliné (18 B);;;noble (18 B);;;enfoncé (18 B);;;épais (18 B);;;en bandeaux (B);;;;;;;;;cramoisi (18);;;fin (18 B);;;gras (B);;;frais (B);;;;;thorax (B);palpitant (18 B);;;;;;;;;proéminent (B);;;;;;pendant (18 B);;;déganté (B);;;;;;;;;;postérieur (18 B);;gros (B);;;flétri (B);;;frais (18);;;creuse (18 B);
;voûté (18 B);;;défait (18 B);;;ingénu (B);;;pâle (B);;;éteint (18 B);;;fait (B);;;épars (18 B);;;;;;;;;dédaigneux (18 B);;;grêlé (B);;;long;;;grenu (B);;;;;torse (B);prononcé (B);;;;;;;;;protubérant (B);;;;;;sec (18 B);;;délicat (18 B);;;;;;;;;;;;joli (B);;;frais  (18 B);;;hollandaise (B);;;de harengère (B);
;;;;défiguré (18 B);;;jaune (18 B);;;petit (B);;;étincelant (18 B);;;fauve (B);;;frisé (18 B);;;;;;;;;délié (B);;;gros  ;;;petit (B);;;joli (B);;;;;tronc (18);puissante (B);;;;;;;;;pyriforme/piriforme (B);;;;;;tendu (18 B);;;doux (18 B);;;;;;;;;;;;mignon (18 B);;;froid (B);;;mou (B);;;délicieux (B);
;;;;délicieux (18 B);;;large (18 B);;;plein (B);;;farouche (18 B);;;fourni (18 B);;;gras (18 B);;;;;;;;;doux (18 B);;;gros du bout (B);;;plat (B);;;large (B);;;;;;riche (B);;;;;;;;;rond (B);;;;;;tremblant (18 B);;;épais (B);;;;;;;;;;;;mince (B);;;gris (B);;;naturel (18);;;doux (18 B);
;;;;douce (18 B);;;longue (B);;;polonais (B);;;fixe (18 B);;;frétillant (B);;;grêle (B);;;;;;;;;édenté (B);;;hébraïque (B);;;pointu (18 B);;;long (B);;;;;;rond (18);;;;;;;;;rondelet (B);;;;;;;;;froid (18 B);;;;;;;;;;;;musculeux (B);;;hâlé (B);;;olivâtre (B);;;éloquent (18 B);
;;;;douceâtre (B);;;magnifique (B);;;puissant (B);;;furieux (18);;;grêle (B);;;lissé (B);;;;;;;;;faux (B);;;impérieux (B);;;ravé de rides (B);;;majestueux (B);;;;;;royal (B);;;;;;;;;saillant (B);;;;;;;;;gras (B);;;;;;;;;;;;petit (B);;;jaunâtre (B);;;pâle (B);;;ému (18 B);
;;;;doucereux (B);;;maigre (18 B);;;rêveur (B);;;gris (18 B);;;grisonnant (B);;;long (18 B);;;;;;;;;frais (18 B);;;impertinent (B);;;relevé (B);;;mou (B);;;;;;serrée (18 B);;;;;;;;;silénique (B);;;;;;;;;hâlé;;;;;;;;;;;;recourbé (B);;;lisse (18 B);;;potelé (18);;;enfantin (18 B);
;;;;dur (18 B);;;naïf (B);;;ridé (B);;;gros (18 B);;;hérissé (18 B);;;luisant (B);;;;;;;;;gracieux (18 B);;;long;;;triple (B);;;plein de noblesse (B);;;;;;souple (18 B);;;;;;;;;ventripotent (B);;;;;;;;;joli (18 B);;;;;;;;;;;;sec (B);;;marbré (B);;;sanguinolant ( B);;;enrouée (B);
;;;;échauffé (18 B);;;noble (18 B);;;sublime (B);;;hagard (18 B);;;joint (18) ;;;noir (18 B);;;;;;;;;grand (18 B);;;mince (B);;;;;;protubérant (B);;;;;;svelte (18 B);;;;;;;;;;;;;;;;;;large (B);;;;;;;;;;;;;;;moite (B);;;suave (B);;;éteint (18 B);
;;;;enfantin (B);;;pâle (B);;;superbe (B);;;hébété (B);;;long (18 B);;;pelé (18 B);;;;;;;;;grosses (18 B);;;moqueur (B);;;;;;ridé (B);;;;;;tumultueux (B);;;;;;;;;;;;;;;;;;long (18 B);;;;;;;;;;;;;;;molle (18 B);;;tâche de rousseur (B);;;étouffé (18 B);
;;;;exténué (18 );;;pelé (B);;;vaste (18 B);;;intelligent (B);;;noir (18 B);;;pommadé (B);;;;;;;;;lippues (B);;;ovales (B);;;;;;rond (B);;;;;;un (18 B);;;;;;;;;;;;;;;;;;moite (B);;;;;;;;;;;;;;;nuancé de veines (B);;;vigoureux (B);;;étranglé (B);
;;;;fangeux (B);;;petit (18 B);;;volontaire (B);;;large (B);;;rare (B);;;poudré (18 B);;;;;;;;;mince (18 B) ;;;pincé (B);;;;;;rouge   (B);;;;;;vigoureux (B);;;;;;;;;;;;;;;;;;mou (B);;;;;;;;;;;;;;;parfumé (B);;;;;;faible (18 B);
;;;;fatigué (18, B);;;plat (B);;;;;;longue (18 B);;;rasé (18 B);;;rare (B);;;;;;;;;mouvantes (B);;;plein de gibbosités (B);;;;;;sillonné (B);;;;;;;;;;;;;;;;;;;;;;;;osseux (B);;;;;;;;;;;;;;;presque olivâtre (B);;;;;;flûté (18 B);
;;;;flétri (18 B);;;poudré (B);;;;;;mourant (18 );;;recourbé (18 B);;;roux (18 B);;;;;;;;;pâle (18 B);;;pointu (B);;;;;;triomphant (B);;;;;;;;;;;;;;;;;;;;;;;;parfumé (B);;;;;;;;;;;;;;;pulpeux (B);;;;;;froid (B);
;;;;frais (B);;;rebondi (18) ;;;;;;noir (18 B);;;sale (18 B);;;tondu (18 );;;;;;;;;pâteux (B);;;recourbé (B);;;;;;un (B);;;;;;;;;;;;;;;;;;;;;;;;pendant (B);;;;;;;;;;;;;;;ridé (18 B);;;;;;grave (B);
;;;;fripon (18 );;;rougeaud (B);;;;;;oblique (18);;;taillée en pointe (B);;;touffu (B);;;;;;;;;plate (18);;;rentré (B);;;;;;;;;;;;;;;;;;;;;;;;;;;;;;petit (18 B);;;;;;;;;;;;;;;rude (18 B);;;;;;gros (18 B);
;;;;hâlé (18 );;;rubicond (18 B);;;;;;pâle (B);;;très fournie (B);;;tressé (B);;;;;;;;;pur (18 B);;;retroussé (18 B);;;;;;;;;;;;;;;;;;;;;;;;;;;;;;potelé (18 B);;;;;;;;;;;;;;;rugueux (B);;;;;;gutturale (B);
;;;;jaune (18 B);;;sublime (B);;;;;;pénétrant (18 B);;;vilain (18);;;;;;;;;;;;rouge vif (B);;;romain (B);;;;;;;;;;;;;;;;;;;;;;;;;;;;;;ridé (18 B);;;;;;;;;;;;;;;satiné (18 B);;;;;;harmonieux (18 B);
;;;;livide (18 B);;;superbe (B) ;;;;;;pensif (B);;;;;;;;;;;;;;;rouges (B);;;rouge (B);;;;;;;;;;;;;;;;;;;;;;;;;;;;;;sec (B);;;;;;;;;;;;;;;sec (18 B);;;;;;inextinguible (B);
;;;;maigre (18 B);;;virginal (18);;;;;;pressant (18);;;;;;;;;;;;;;;sardonique (18 B);;;saillant (18 B);;;;;;;;;;;;;;;;;;;;;;;;;;;;;;tremblant (18 B);;;;;;;;;;;;;;;souple ;;;;;;mélancolique (18 B);
;;;;noble (18 B);;;;;;;;;pur (18 B);;;;;;;;;;;;;;;serré (18 B);;;taillé en pointe (B);;;;;;;;;;;;;;;;;;;;;;;;;;;;;;;;;;;;;;;;;;;;;suave (B);;;;;;mourant (18 B);
;;;;ovale (18 B);;;;;;;;;rêveur;;;;;;;;;;;;;;;sinueux (B);;;velouté (B);;;;;;;;;;;;;;;;;;;;;;;;;;;;;;;;;;;;;;;;;;;;;tanné (18 B);;;;;;petit (B);
;;;;pâle (18 B);;;;;;;;;saillant (18 B);;;;;;;;;;;;;;;triste (B);;;;;;;;;;;;;;;;;;;;;;;;;;;;;;;;;;;;;;;;;;;;;;;;tendre (18 B);;;;;;profond (B);
;;;;pelé (18 B);;;;;;;;;sanguinaire (18);;;;;;;;;;;;;;;vermeille (18 B);;;;;;;;;;;;;;;;;;;;;;;;;;;;;;;;;;;;;;;;;;;;;;;;transparent (18 B);;;;;;pure (B);
;;;;poli (B);;;;;;;;;scintillant (B);;;;;;;;;;;;;;;violacé (B);;;;;;;;;;;;;;;;;;;;;;;;;;;;;;;;;;;;;;;;;;;;;;;;vérolé;;;;;;rusée (B);
;;;;ridé (18 B);;;;;;;;;sombre (18 B);;;;;;;;;;;;;;;voluptueux (18 B);;;;;;;;;;;;;;;;;;;;;;;;;;;;;;;;;;;;;;;;;;;;;;;;;;;;;;sec (18 B);
;;;;rieur (18 B);;;;;;;;;sournois (B);;;;;;;;;;;;;;;;;;;;;;;;;;;;;;;;;;;;;;;;;;;;;;;;;;;;;;;;;;;;;;;;;;;;;sifflant (B);
;;;;rond (18 B);;;;;;;;;soyeux (B);;;;;;;;;;;;;;;;;;;;;;;;;;;;;;;;;;;;;;;;;;;;;;;;;;;;;;;;;;;;;;;;;;;;;sourd (18 B);
;;;;rose (18 B);;;;;;;;;tendre (18 B);;;;;;;;;;;;;;;;;;;;;;;;;;;;;;;;;;;;;;;;;;;;;;;;;;;;;;;;;;;;;;;;;;;;;strident (B);
;;;;stupide (18 B);;;;;;;;;terne (18 B);;;;;;;;;;;;;;;;;;;;;;;;;;;;;;;;;;;;;;;;;;;;;;;;;;;;;;;;;;;;;;;;;;;;;sublime (18 B);
;;;;tendre (18);;;;;;;;;transparent (B);;;;;;;;;;;;;;;;;;;;;;;;;;;;;;;;;;;;;;;;;;;;;;;;;;;;;;;;;;;;;;;;;;;;;tonitruante;
;;;;vénérable (18 B);;;;;;;;;vairon;;;;;;;;;;;;;;;;;;;;;;;;;;;;;;;;;;;;;;;;;;;;;;;;;;;;;;;;;;;;;;;;;;;;;tonnant (18 B);
;;;;;;;;;;;;;venimeux (B);;;;;;;;;;;;;;;;;;;;;;;;;;;;;;;;;;;;;;;;;;;;;;;;;;;;;;;;;;;;;;;;;;;;;vibrant (B);
;;;;;;;;;;;;;vert de mer (B);;;;;;;;;;;;;;;;;;;;;;;;;;;;;;;;;;;;;;;;;;;;;;;;;;;;;;;;;;;;;;;;;;;;;sépulcrale (18 B);
;;;;;;;;;;;;;vif (18 B);;;;;;;;;;;;;;;;;;;;;;;;;;;;;;;;;;;;;;;;;;;;;;;;;;;;;;;;;;;;;;;;;;;;;;